-- This file is part of Invenio.
-- Copyright (C) 2008, 2009, 2010, 2011, 2012 CERN.
--
-- Invenio is free software; you can redistribute it and/or
-- modify it under the terms of the GNU General Public License as
-- published by the Free Software Foundation; either version 2 of the
-- License, or (at your option) any later version.
--
-- Invenio is distributed in the hope that it will be useful, but
-- WITHOUT ANY WARRANTY; without even the implied warranty of
-- MERCHANTABILITY or FITNESS FOR A PARTICULAR PURPOSE.  See the GNU
-- General Public License for more details.
--
-- You should have received a copy of the GNU General Public License
-- along with Invenio; if not, write to the Free Software Foundation, Inc.,
-- 59 Temple Place, Suite 330, Boston, MA 02111-1307, USA.

-- Fill Invenio configuration tables with defaults suitable for any site.

INSERT INTO rnkMETHOD (id,name,last_updated) VALUES (1,'wrd','0000-00-00 00:00:00');
INSERT INTO collection_rnkMETHOD (id_collection,id_rnkMETHOD,score) VALUES (1,1,100);

INSERT INTO rnkCITATIONDATA VALUES (1,'citationdict',NULL,'0000-00-00');
INSERT INTO rnkCITATIONDATA VALUES (2,'reversedict',NULL,'0000-00-00');
INSERT INTO rnkCITATIONDATA VALUES (3,'selfcitdict',NULL,'0000-00-00');
INSERT INTO rnkCITATIONDATA VALUES (4,'selfcitedbydict',NULL,'0000-00-00');

INSERT INTO field VALUES (1,'any field','anyfield');
INSERT INTO field VALUES (2,'title','title');
INSERT INTO field VALUES (3,'author','author');
INSERT INTO field VALUES (4,'abstract','abstract');
INSERT INTO field VALUES (5,'keyword','keyword');
INSERT INTO field VALUES (6,'report number','reportnumber');
INSERT INTO field VALUES (7,'subject','subject');
INSERT INTO field VALUES (8,'reference','reference');
INSERT INTO field VALUES (9,'fulltext','fulltext');
INSERT INTO field VALUES (10,'collection','collection');
INSERT INTO field VALUES (11,'division','division');
INSERT INTO field VALUES (12,'year','year');
INSERT INTO field VALUES (13,'experiment','experiment');
INSERT INTO field VALUES (14,'record ID','recid');
INSERT INTO field VALUES (15,'isbn','isbn');
INSERT INTO field VALUES (16,'issn','issn');
INSERT INTO field VALUES (17,'coden','coden');
-- INSERT INTO field VALUES (18,'doi','doi');
INSERT INTO field VALUES (19,'journal','journal');
INSERT INTO field VALUES (20,'collaboration','collaboration');
INSERT INTO field VALUES (21,'affiliation','affiliation');
INSERT INTO field VALUES (22,'exact author','exactauthor');
INSERT INTO field VALUES (23,'date created','datecreated');
INSERT INTO field VALUES (24,'date modified','datemodified');
INSERT INTO field VALUES (25,'refers to','refersto');
INSERT INTO field VALUES (26,'cited by','citedby');
INSERT INTO field VALUES (27,'caption','caption');
INSERT INTO field VALUES (28,'first author','firstauthor');
INSERT INTO field VALUES (29,'exact first author','exactfirstauthor');
INSERT INTO field VALUES (30,'author count','authorcount');

INSERT INTO field_tag VALUES (1,100,10);
INSERT INTO field_tag VALUES (1,102,10);
INSERT INTO field_tag VALUES (1,103,10);
INSERT INTO field_tag VALUES (1,104,10);
INSERT INTO field_tag VALUES (1,105,10);
INSERT INTO field_tag VALUES (1,106,10);
INSERT INTO field_tag VALUES (1,107,10);
INSERT INTO field_tag VALUES (1,108,10);
INSERT INTO field_tag VALUES (1,109,10);
INSERT INTO field_tag VALUES (1,110,10);
INSERT INTO field_tag VALUES (1,111,10);
INSERT INTO field_tag VALUES (1,112,10);
INSERT INTO field_tag VALUES (1,113,10);
INSERT INTO field_tag VALUES (1,114,10);
INSERT INTO field_tag VALUES (1,16,10);
INSERT INTO field_tag VALUES (1,17,10);
INSERT INTO field_tag VALUES (1,18,10);
INSERT INTO field_tag VALUES (1,19,10);
INSERT INTO field_tag VALUES (1,20,10);
INSERT INTO field_tag VALUES (1,21,10);
INSERT INTO field_tag VALUES (1,22,10);
INSERT INTO field_tag VALUES (1,23,10);
INSERT INTO field_tag VALUES (1,24,10);
INSERT INTO field_tag VALUES (1,25,10);
INSERT INTO field_tag VALUES (1,26,10);
INSERT INTO field_tag VALUES (1,27,10);
INSERT INTO field_tag VALUES (1,28,10);
INSERT INTO field_tag VALUES (1,29,10);
INSERT INTO field_tag VALUES (1,30,10);
INSERT INTO field_tag VALUES (1,31,10);
INSERT INTO field_tag VALUES (1,32,10);
INSERT INTO field_tag VALUES (1,33,10);
INSERT INTO field_tag VALUES (1,34,10);
INSERT INTO field_tag VALUES (1,35,10);
INSERT INTO field_tag VALUES (1,36,10);
INSERT INTO field_tag VALUES (1,37,10);
INSERT INTO field_tag VALUES (1,38,10);
INSERT INTO field_tag VALUES (1,39,10);
INSERT INTO field_tag VALUES (1,40,10);
INSERT INTO field_tag VALUES (1,41,10);
INSERT INTO field_tag VALUES (1,42,10);
INSERT INTO field_tag VALUES (1,43,10);
INSERT INTO field_tag VALUES (1,44,10);
INSERT INTO field_tag VALUES (1,45,10);
INSERT INTO field_tag VALUES (1,46,10);
INSERT INTO field_tag VALUES (1,47,10);
INSERT INTO field_tag VALUES (1,48,10);
INSERT INTO field_tag VALUES (1,49,10);
INSERT INTO field_tag VALUES (1,50,10);
INSERT INTO field_tag VALUES (1,51,10);
INSERT INTO field_tag VALUES (1,52,10);
INSERT INTO field_tag VALUES (1,53,10);
INSERT INTO field_tag VALUES (1,54,10);
INSERT INTO field_tag VALUES (1,55,10);
INSERT INTO field_tag VALUES (1,56,10);
INSERT INTO field_tag VALUES (1,57,10);
INSERT INTO field_tag VALUES (1,58,10);
INSERT INTO field_tag VALUES (1,59,10);
INSERT INTO field_tag VALUES (1,60,10);
INSERT INTO field_tag VALUES (1,61,10);
INSERT INTO field_tag VALUES (1,62,10);
INSERT INTO field_tag VALUES (1,63,10);
INSERT INTO field_tag VALUES (1,64,10);
INSERT INTO field_tag VALUES (1,65,10);
INSERT INTO field_tag VALUES (1,66,10);
INSERT INTO field_tag VALUES (1,67,10);
INSERT INTO field_tag VALUES (1,68,10);
INSERT INTO field_tag VALUES (1,69,10);
INSERT INTO field_tag VALUES (1,70,10);
INSERT INTO field_tag VALUES (1,71,10);
INSERT INTO field_tag VALUES (1,72,10);
INSERT INTO field_tag VALUES (1,73,10);
INSERT INTO field_tag VALUES (1,74,10);
INSERT INTO field_tag VALUES (1,75,10);
INSERT INTO field_tag VALUES (1,76,10);
INSERT INTO field_tag VALUES (1,77,10);
INSERT INTO field_tag VALUES (1,78,10);
INSERT INTO field_tag VALUES (1,79,10);
INSERT INTO field_tag VALUES (1,80,10);
INSERT INTO field_tag VALUES (1,81,10);
INSERT INTO field_tag VALUES (1,82,10);
INSERT INTO field_tag VALUES (1,83,10);
INSERT INTO field_tag VALUES (1,84,10);
INSERT INTO field_tag VALUES (1,85,10);
INSERT INTO field_tag VALUES (1,86,10);
INSERT INTO field_tag VALUES (1,87,10);
INSERT INTO field_tag VALUES (1,88,10);
INSERT INTO field_tag VALUES (1,89,10);
INSERT INTO field_tag VALUES (1,90,10);
INSERT INTO field_tag VALUES (1,91,10);
INSERT INTO field_tag VALUES (1,92,10);
INSERT INTO field_tag VALUES (1,93,10);
INSERT INTO field_tag VALUES (1,94,10);
INSERT INTO field_tag VALUES (1,95,10);
INSERT INTO field_tag VALUES (1,96,10);
INSERT INTO field_tag VALUES (1,97,10);
INSERT INTO field_tag VALUES (1,98,10);
INSERT INTO field_tag VALUES (1,99,10);
INSERT INTO field_tag VALUES (1,122,10);
INSERT INTO field_tag VALUES (1,123,10);
INSERT INTO field_tag VALUES (1,124,10);
INSERT INTO field_tag VALUES (1,125,10);
INSERT INTO field_tag VALUES (1,126,10);
INSERT INTO field_tag VALUES (1,127,10);
INSERT INTO field_tag VALUES (1,128,10);
INSERT INTO field_tag VALUES (1,129,10);
INSERT INTO field_tag VALUES (1,130,10);
INSERT INTO field_tag VALUES (10,11,100);
INSERT INTO field_tag VALUES (11,14,100);
INSERT INTO field_tag VALUES (12,15,10);
INSERT INTO field_tag VALUES (13,116,10);
INSERT INTO field_tag VALUES (2,3,100);
INSERT INTO field_tag VALUES (2,4,90);
INSERT INTO field_tag VALUES (3,1,100);
INSERT INTO field_tag VALUES (3,2,90);
INSERT INTO field_tag VALUES (4,5,100);
INSERT INTO field_tag VALUES (5,6,100);
INSERT INTO field_tag VALUES (6,7,30);
INSERT INTO field_tag VALUES (6,8,10);
INSERT INTO field_tag VALUES (6,9,20);
INSERT INTO field_tag VALUES (7,12,100);
INSERT INTO field_tag VALUES (7,13,90);
INSERT INTO field_tag VALUES (8,10,100);
INSERT INTO field_tag VALUES (9,115,100);
INSERT INTO field_tag VALUES (14,117,100);
INSERT INTO field_tag VALUES (15,118,100);
INSERT INTO field_tag VALUES (16,119,100);
INSERT INTO field_tag VALUES (17,120,100);
-- INSERT INTO field_tag VALUES (18,121,100);
INSERT INTO field_tag VALUES (19,131,100);
INSERT INTO field_tag VALUES (20,132,100);
INSERT INTO field_tag VALUES (21,133,100);
INSERT INTO field_tag VALUES (21,134,90);
INSERT INTO field_tag VALUES (22,1,100);
INSERT INTO field_tag VALUES (22,2,90);
INSERT INTO field_tag VALUES (27,135,100);
INSERT INTO field_tag VALUES (28,1,100);
INSERT INTO field_tag VALUES (29,1,100);
INSERT INTO field_tag VALUES (30,1,100);
INSERT INTO field_tag VALUES (30,2,90);

INSERT INTO format VALUES (1,'HTML brief','hb', 'HTML brief output format, used for search results pages.', 'text/html', 1);
INSERT INTO format VALUES (2,'HTML detailed','hd', 'HTML detailed output format, used for Detailed record pages.', 'text/html', 1);
INSERT INTO format VALUES (3,'MARC','hm', 'HTML MARC.', 'text/html', 1);
INSERT INTO format VALUES (4,'Dublin Core','xd', 'XML Dublin Core.', 'text/xml', 1);
INSERT INTO format VALUES (5,'MARCXML','xm', 'XML MARC.', 'text/xml', 1);
INSERT INTO format VALUES (6,'portfolio','hp', 'HTML portfolio-style output format for photos.', 'text/html', 1);
INSERT INTO format VALUES (7,'photo captions only','hc', 'HTML caption-only output format for photos.', 'text/html', 1);
INSERT INTO format VALUES (8,'BibTeX','hx', 'BibTeX.', 'text/html', 1);
INSERT INTO format VALUES (9,'EndNote','xe', 'XML EndNote.', 'text/xml', 1);
INSERT INTO format VALUES (10,'NLM','xn', 'XML NLM.', 'text/xml', 1);
INSERT INTO format VALUES (11,'Excel','excel', 'Excel csv output', 'application/ms-excel', 0);
INSERT INTO format VALUES (12,'HTML similarity','hs', 'Very short HTML output for similarity box (<i>people also viewed..</i>).', 'text/html', 0);
INSERT INTO format VALUES (13,'RSS','xr', 'RSS.', 'text/xml', 0);
INSERT INTO format VALUES (14,'OAI DC','xoaidc', 'OAI DC.', 'text/xml', 0);
INSERT INTO format VALUES (15,'File mini-panel', 'hdfile', 'Used to show fulltext files in mini-panel of detailed record pages.', 'text/html', 0);
INSERT INTO format VALUES (16,'Actions mini-panel', 'hdact', 'Used to display actions in mini-panel of detailed record pages.', 'text/html', 0);
INSERT INTO format VALUES (17,'References tab', 'hdref', 'Display record references in References tab.', 'text/html', 0);
INSERT INTO format VALUES (18,'HTML citesummary','hcs', 'HTML cite summary format, used for search results pages.', 'text/html', 1);
INSERT INTO format VALUES (19,'RefWorks','xw', 'RefWorks.', 'text/xml', 1);
INSERT INTO format VALUES (20,'MODS', 'xo', 'Metadata Object Description Schema', 'application/xml', 1);
INSERT INTO format VALUES (21,'HTML author claiming', 'ha', 'Very brief HTML output format for author/paper claiming facility.', 'text/html', 0);
INSERT INTO format VALUES (22,'Podcast', 'xp', 'Sample format suitable for multimedia feeds, such as podcasts', 'application/rss+xml', 0);

INSERT INTO tag VALUES (1,'first author name','100__a');
INSERT INTO tag VALUES (2,'additional author name','700__a');
INSERT INTO tag VALUES (3,'main title','245__%');
INSERT INTO tag VALUES (4,'additional title','246__%');
INSERT INTO tag VALUES (5,'abstract','520__%');
INSERT INTO tag VALUES (6,'keyword','6531_a');
INSERT INTO tag VALUES (7,'primary report number','037__a');
INSERT INTO tag VALUES (8,'additional report number','088__a');
INSERT INTO tag VALUES (9,'added report number','909C0r');
INSERT INTO tag VALUES (10,'reference','999C5%');
INSERT INTO tag VALUES (11,'collection identifier','980__%');
INSERT INTO tag VALUES (12,'main subject','65017a');
INSERT INTO tag VALUES (13,'additional subject','65027a');
INSERT INTO tag VALUES (14,'division','909C0p');
INSERT INTO tag VALUES (15,'year','909C0y');
INSERT INTO tag VALUES (16,'00x','00%');
INSERT INTO tag VALUES (17,'01x','01%');
INSERT INTO tag VALUES (18,'02x','02%');
INSERT INTO tag VALUES (19,'03x','03%');
INSERT INTO tag VALUES (20,'lang','04%');
INSERT INTO tag VALUES (21,'05x','05%');
INSERT INTO tag VALUES (22,'06x','06%');
INSERT INTO tag VALUES (23,'07x','07%');
INSERT INTO tag VALUES (24,'08x','08%');
INSERT INTO tag VALUES (25,'09x','09%');
INSERT INTO tag VALUES (26,'10x','10%');
INSERT INTO tag VALUES (27,'11x','11%');
INSERT INTO tag VALUES (28,'12x','12%');
INSERT INTO tag VALUES (29,'13x','13%');
INSERT INTO tag VALUES (30,'14x','14%');
INSERT INTO tag VALUES (31,'15x','15%');
INSERT INTO tag VALUES (32,'16x','16%');
INSERT INTO tag VALUES (33,'17x','17%');
INSERT INTO tag VALUES (34,'18x','18%');
INSERT INTO tag VALUES (35,'19x','19%');
INSERT INTO tag VALUES (36,'20x','20%');
INSERT INTO tag VALUES (37,'21x','21%');
INSERT INTO tag VALUES (38,'22x','22%');
INSERT INTO tag VALUES (39,'23x','23%');
INSERT INTO tag VALUES (40,'24x','24%');
INSERT INTO tag VALUES (41,'25x','25%');
INSERT INTO tag VALUES (42,'internal','26%');
INSERT INTO tag VALUES (43,'27x','27%');
INSERT INTO tag VALUES (44,'28x','28%');
INSERT INTO tag VALUES (45,'29x','29%');
INSERT INTO tag VALUES (46,'pages','30%');
INSERT INTO tag VALUES (47,'31x','31%');
INSERT INTO tag VALUES (48,'32x','32%');
INSERT INTO tag VALUES (49,'33x','33%');
INSERT INTO tag VALUES (50,'34x','34%');
INSERT INTO tag VALUES (51,'35x','35%');
INSERT INTO tag VALUES (52,'36x','36%');
INSERT INTO tag VALUES (53,'37x','37%');
INSERT INTO tag VALUES (54,'38x','38%');
INSERT INTO tag VALUES (55,'39x','39%');
INSERT INTO tag VALUES (56,'40x','40%');
INSERT INTO tag VALUES (57,'41x','41%');
INSERT INTO tag VALUES (58,'42x','42%');
INSERT INTO tag VALUES (59,'43x','43%');
INSERT INTO tag VALUES (60,'44x','44%');
INSERT INTO tag VALUES (61,'45x','45%');
INSERT INTO tag VALUES (62,'46x','46%');
INSERT INTO tag VALUES (63,'47x','47%');
INSERT INTO tag VALUES (64,'48x','48%');
INSERT INTO tag VALUES (65,'series','49%');
INSERT INTO tag VALUES (66,'50x','50%');
INSERT INTO tag VALUES (67,'51x','51%');
INSERT INTO tag VALUES (68,'52x','52%');
INSERT INTO tag VALUES (69,'53x','53%');
INSERT INTO tag VALUES (70,'54x','54%');
INSERT INTO tag VALUES (71,'55x','55%');
INSERT INTO tag VALUES (72,'56x','56%');
INSERT INTO tag VALUES (73,'57x','57%');
INSERT INTO tag VALUES (74,'58x','58%');
INSERT INTO tag VALUES (75,'summary','59%');
INSERT INTO tag VALUES (76,'60x','60%');
INSERT INTO tag VALUES (77,'61x','61%');
INSERT INTO tag VALUES (78,'62x','62%');
INSERT INTO tag VALUES (79,'63x','63%');
INSERT INTO tag VALUES (80,'64x','64%');
INSERT INTO tag VALUES (81,'65x','65%');
INSERT INTO tag VALUES (82,'66x','66%');
INSERT INTO tag VALUES (83,'67x','67%');
INSERT INTO tag VALUES (84,'68x','68%');
INSERT INTO tag VALUES (85,'subject','69%');
INSERT INTO tag VALUES (86,'70x','70%');
INSERT INTO tag VALUES (87,'71x','71%');
INSERT INTO tag VALUES (88,'author-ad','72%');
INSERT INTO tag VALUES (89,'73x','73%');
INSERT INTO tag VALUES (90,'74x','74%');
INSERT INTO tag VALUES (91,'75x','75%');
INSERT INTO tag VALUES (92,'76x','76%');
INSERT INTO tag VALUES (93,'77x','77%');
INSERT INTO tag VALUES (94,'78x','78%');
INSERT INTO tag VALUES (95,'79x','79%');
INSERT INTO tag VALUES (96,'80x','80%');
INSERT INTO tag VALUES (97,'81x','81%');
INSERT INTO tag VALUES (98,'82x','82%');
INSERT INTO tag VALUES (99,'83x','83%');
INSERT INTO tag VALUES (100,'84x','84%');
INSERT INTO tag VALUES (101,'electr','85%');
INSERT INTO tag VALUES (102,'86x','86%');
INSERT INTO tag VALUES (103,'87x','87%');
INSERT INTO tag VALUES (104,'88x','88%');
INSERT INTO tag VALUES (105,'89x','89%');
INSERT INTO tag VALUES (106,'publication','90%');
INSERT INTO tag VALUES (107,'pub-conf-cit','91%');
INSERT INTO tag VALUES (108,'92x','92%');
INSERT INTO tag VALUES (109,'93x','93%');
INSERT INTO tag VALUES (110,'94x','94%');
INSERT INTO tag VALUES (111,'95x','95%');
INSERT INTO tag VALUES (112,'catinfo','96%');
INSERT INTO tag VALUES (113,'97x','97%');
INSERT INTO tag VALUES (114,'98x','98%');
INSERT INTO tag VALUES (115,'url','8564_u');
INSERT INTO tag VALUES (116,'experiment','909C0e');
INSERT INTO tag VALUES (117,'record ID','001');
INSERT INTO tag VALUES (118,'isbn','020__a');
INSERT INTO tag VALUES (119,'issn','022__a');
INSERT INTO tag VALUES (120,'coden','030__a');
INSERT INTO tag VALUES (121,'doi','909C4a');
INSERT INTO tag VALUES (122,'850x','850%');
INSERT INTO tag VALUES (123,'851x','851%');
INSERT INTO tag VALUES (124,'852x','852%');
INSERT INTO tag VALUES (125,'853x','853%');
INSERT INTO tag VALUES (126,'854x','854%');
INSERT INTO tag VALUES (127,'855x','855%');
INSERT INTO tag VALUES (128,'857x','857%');
INSERT INTO tag VALUES (129,'858x','858%');
INSERT INTO tag VALUES (130,'859x','859%');
INSERT INTO tag VALUES (131,'journal','909C4%');
INSERT INTO tag VALUES (132,'collaboration','710__g');
INSERT INTO tag VALUES (133,'first author affiliation','100__u');
INSERT INTO tag VALUES (134,'additional author affiliation','700__u');
INSERT INTO tag VALUES (135,'caption','8564_y');
INSERT INTO tag VALUES (136,'journal page','909C4c');
INSERT INTO tag VALUES (137,'journal title','909C4p');
INSERT INTO tag VALUES (138,'journal volume','909C4v');
INSERT INTO tag VALUES (139,'journal year','909C4y');
INSERT INTO tag VALUES (140,'comment','500__a');
INSERT INTO tag VALUES (141,'title','245__a');
INSERT INTO tag VALUES (142,'main abstract','245__a');
INSERT INTO tag VALUES (143,'internal notes','595__a');
INSERT INTO tag VALUES (144,'other relationship entry', '787%');

INSERT INTO idxINDEX VALUES (1,'global','This index contains words/phrases from global fields.','0000-00-00 00:00:00', '');
INSERT INTO idxINDEX VALUES (2,'collection','This index contains words/phrases from collection identifiers fields.','0000-00-00 00:00:00', '');
INSERT INTO idxINDEX VALUES (3,'abstract','This index contains words/phrases from abstract fields.','0000-00-00 00:00:00', '');
INSERT INTO idxINDEX VALUES (4,'author','This index contains fuzzy words/phrases from author fields.','0000-00-00 00:00:00', '');
INSERT INTO idxINDEX VALUES (5,'keyword','This index contains words/phrases from keyword fields.','0000-00-00 00:00:00', '');
INSERT INTO idxINDEX VALUES (6,'reference','This index contains words/phrases from references fields.','0000-00-00 00:00:00', '');
INSERT INTO idxINDEX VALUES (7,'reportnumber','This index contains words/phrases from report numbers fields.','0000-00-00 00:00:00', '');
INSERT INTO idxINDEX VALUES (8,'title','This index contains words/phrases from title fields.','0000-00-00 00:00:00', '');
INSERT INTO idxINDEX VALUES (9,'fulltext','This index contains words/phrases from fulltext fields.','0000-00-00 00:00:00', '');
INSERT INTO idxINDEX VALUES (10,'year','This index contains words/phrases from year fields.','0000-00-00 00:00:00', '');
INSERT INTO idxINDEX VALUES (11,'journal','This index contains words/phrases from journal publication information fields.','0000-00-00 00:00:00', '');
INSERT INTO idxINDEX VALUES (12,'collaboration','This index contains words/phrases from collaboration name fields.','0000-00-00 00:00:00', '');
INSERT INTO idxINDEX VALUES (13,'affiliation','This index contains words/phrases from institutional affiliation fields.','0000-00-00 00:00:00', '');
INSERT INTO idxINDEX VALUES (14,'exactauthor','This index contains exact words/phrases from author fields.','0000-00-00 00:00:00', '');
INSERT INTO idxINDEX VALUES (15,'caption','This index contains exact words/phrases from figure captions.','0000-00-00 00:00:00', '');
INSERT INTO idxINDEX VALUES (16,'firstauthor','This index contains fuzzy words/phrases from first author field.','0000-00-00 00:00:00', '');
INSERT INTO idxINDEX VALUES (17,'exactfirstauthor','This index contains exact words/phrases from first author field.','0000-00-00 00:00:00', '');
INSERT INTO idxINDEX VALUES (18,'authorcount','This index contains number of authors of the record.','0000-00-00 00:00:00', '');

INSERT INTO idxINDEX_field (id_idxINDEX, id_field) VALUES (1,1);
INSERT INTO idxINDEX_field (id_idxINDEX, id_field) VALUES (2,10);
INSERT INTO idxINDEX_field (id_idxINDEX, id_field) VALUES (3,4);
INSERT INTO idxINDEX_field (id_idxINDEX, id_field) VALUES (4,3);
INSERT INTO idxINDEX_field (id_idxINDEX, id_field) VALUES (5,5);
INSERT INTO idxINDEX_field (id_idxINDEX, id_field) VALUES (6,8);
INSERT INTO idxINDEX_field (id_idxINDEX, id_field) VALUES (7,6);
INSERT INTO idxINDEX_field (id_idxINDEX, id_field) VALUES (8,2);
INSERT INTO idxINDEX_field (id_idxINDEX, id_field) VALUES (9,9);
INSERT INTO idxINDEX_field (id_idxINDEX, id_field) VALUES (10,12);
INSERT INTO idxINDEX_field (id_idxINDEX, id_field) VALUES (11,19);
INSERT INTO idxINDEX_field (id_idxINDEX, id_field) VALUES (12,20);
INSERT INTO idxINDEX_field (id_idxINDEX, id_field) VALUES (13,21);
INSERT INTO idxINDEX_field (id_idxINDEX, id_field) VALUES (14,22);
INSERT INTO idxINDEX_field (id_idxINDEX, id_field) VALUES (15,27);
INSERT INTO idxINDEX_field (id_idxINDEX, id_field) VALUES (16,28);
INSERT INTO idxINDEX_field (id_idxINDEX, id_field) VALUES (17,29);
INSERT INTO idxINDEX_field (id_idxINDEX, id_field) VALUES (18,30);

INSERT INTO sbmACTION VALUES ('Submit New Record','SBI','running','1998-08-17','2001-08-08','','Submit New Record');
INSERT INTO sbmACTION VALUES ('Modify Record','MBI','modify','1998-08-17','2001-11-07','','Modify Record');
INSERT INTO sbmACTION VALUES ('Submit New File','SRV','revise','0000-00-00','2001-11-07','','Submit New File');
INSERT INTO sbmACTION VALUES ('Approve Record','APP','approve','2001-11-08','2002-06-11','','Approve Record');

INSERT INTO sbmALLFUNCDESCR VALUES ('Ask_For_Record_Details_Confirmation','');
INSERT INTO sbmALLFUNCDESCR VALUES ('CaseEDS','');
INSERT INTO sbmALLFUNCDESCR VALUES ('Create_Modify_Interface',NULL);
INSERT INTO sbmALLFUNCDESCR VALUES ('Create_Recid',NULL);
INSERT INTO sbmALLFUNCDESCR VALUES ('Finish_Submission','');
INSERT INTO sbmALLFUNCDESCR VALUES ('Get_Info','');
INSERT INTO sbmALLFUNCDESCR VALUES ('Get_Recid', 'This function gets the recid for a document with a given report-number (as stored in the global variable rn).');
INSERT INTO sbmALLFUNCDESCR VALUES ('Get_Report_Number',NULL);
INSERT INTO sbmALLFUNCDESCR VALUES ('Get_Sysno',NULL);
INSERT INTO sbmALLFUNCDESCR VALUES ('Insert_Modify_Record','');
INSERT INTO sbmALLFUNCDESCR VALUES ('Insert_Record',NULL);
INSERT INTO sbmALLFUNCDESCR VALUES ('Is_Original_Submitter','');
INSERT INTO sbmALLFUNCDESCR VALUES ('Is_Referee','This function checks whether the logged user is a referee for the current document');
INSERT INTO sbmALLFUNCDESCR VALUES ('Mail_Approval_Request_to_Referee',NULL);
INSERT INTO sbmALLFUNCDESCR VALUES ('Mail_Approval_Withdrawn_to_Referee',NULL);
INSERT INTO sbmALLFUNCDESCR VALUES ('Mail_Submitter',NULL);
INSERT INTO sbmALLFUNCDESCR VALUES ('Make_Modify_Record',NULL);
INSERT INTO sbmALLFUNCDESCR VALUES ('Make_Record','');
INSERT INTO sbmALLFUNCDESCR VALUES ('Move_From_Pending','');
INSERT INTO sbmALLFUNCDESCR VALUES ('Move_to_Done',NULL);
INSERT INTO sbmALLFUNCDESCR VALUES ('Move_to_Pending',NULL);
INSERT INTO sbmALLFUNCDESCR VALUES ('Print_Success','');
INSERT INTO sbmALLFUNCDESCR VALUES ('Print_Success_Approval_Request',NULL);
INSERT INTO sbmALLFUNCDESCR VALUES ('Print_Success_APP','');
INSERT INTO sbmALLFUNCDESCR VALUES ('Print_Success_DEL','Prepare a message for the user informing them that their record was successfully deleted.');
INSERT INTO sbmALLFUNCDESCR VALUES ('Print_Success_MBI',NULL);
INSERT INTO sbmALLFUNCDESCR VALUES ('Print_Success_SRV',NULL);
INSERT INTO sbmALLFUNCDESCR VALUES ('Register_Approval_Request',NULL);
INSERT INTO sbmALLFUNCDESCR VALUES ('Register_Referee_Decision',NULL);
INSERT INTO sbmALLFUNCDESCR VALUES ('Withdraw_Approval_Request',NULL);
INSERT INTO sbmALLFUNCDESCR VALUES ('Report_Number_Generation',NULL);
INSERT INTO sbmALLFUNCDESCR VALUES ('Second_Report_Number_Generation','Generate a secondary report number for a document.');
INSERT INTO sbmALLFUNCDESCR VALUES ('Send_Approval_Request',NULL);
INSERT INTO sbmALLFUNCDESCR VALUES ('Send_APP_Mail','');
INSERT INTO sbmALLFUNCDESCR VALUES ('Send_Delete_Mail','');
INSERT INTO sbmALLFUNCDESCR VALUES ('Send_Modify_Mail',NULL);
INSERT INTO sbmALLFUNCDESCR VALUES ('Send_SRV_Mail',NULL);
INSERT INTO sbmALLFUNCDESCR VALUES ('Set_Embargo','Set an embargo on all the documents of a given record.');
INSERT INTO sbmALLFUNCDESCR VALUES ('Stamp_Replace_Single_File_Approval','Stamp a single file when a document is approved.');
INSERT INTO sbmALLFUNCDESCR VALUES ('Stamp_Uploaded_Files','Stamp some of the files that were uploaded during a submission.');
INSERT INTO sbmALLFUNCDESCR VALUES ('Test_Status','');
INSERT INTO sbmALLFUNCDESCR VALUES ('Update_Approval_DB',NULL);
INSERT INTO sbmALLFUNCDESCR VALUES ('User_is_Record_Owner_or_Curator','Check if user is owner or special editor of a record');
INSERT INTO sbmALLFUNCDESCR VALUES ('Move_Files_to_Storage','Attach files received from chosen file input element(s)');
INSERT INTO sbmALLFUNCDESCR VALUES ('Move_Revised_Files_to_Storage','Revise files initially uploaded with "Move_Files_to_Storage"');
INSERT INTO sbmALLFUNCDESCR VALUES ('Make_Dummy_MARC_XML_Record','');
INSERT INTO sbmALLFUNCDESCR VALUES ('Move_CKEditor_Files_to_Storage','Transfer files attached to the record with the CKEditor');
INSERT INTO sbmALLFUNCDESCR VALUES ('Create_Upload_Files_Interface','Display generic interface to add/revise/delete files. To be used before function "Move_Uploaded_Files_to_Storage"');
INSERT INTO sbmALLFUNCDESCR VALUES ('Move_Uploaded_Files_to_Storage','Attach files uploaded with "Create_Upload_Files_Interface"');
INSERT INTO sbmALLFUNCDESCR VALUES ('Move_Photos_to_Storage','Attach/edit the pictures uploaded with the "create_photos_manager_interface()" function');
INSERT INTO sbmALLFUNCDESCR VALUES ('Link_Records','Link two records toghether via MARC');
INSERT INTO sbmALLFUNCDESCR VALUES ('Video_Processing',NULL);
INSERT INTO sbmALLFUNCDESCR VALUES ('Set_RN_From_Sysno', 'Set the value of global rn variable to the report number identified by sysno (recid)');

INSERT INTO sbmFIELDDESC VALUES ('Upload_Photos',NULL,'','R',NULL,NULL,NULL,NULL,NULL,'\"\"\"\r\nThis is an example of element that creates a photos upload interface.\r\nClone it, customize it and integrate it into your submission. Then add function \r\n\'Move_Photos_to_Storage\' to your submission functions list, in order for files \r\nuploaded with this interface to be attached to the record. More information in \r\nthe WebSubmit admin guide.\r\n\"\"\"\r\n\r\nfrom invenio.websubmit_functions.Shared_Functions import ParamFromFile\r\nfrom invenio.websubmit_functions.Move_Photos_to_Storage import \\\r\n    read_param_file, \\\r\n    create_photos_manager_interface, \\\r\n    get_session_id\r\n\r\n# Retrieve session id\r\ntry:\r\n    # User info is defined only in MBI/MPI actions...\r\n    session_id = get_session_id(None, uid, user_info) \r\nexcept:\r\n    session_id = get_session_id(req, uid, {})\r\n\r\n# Retrieve context\r\nindir = curdir.split(\'/\')[-3]\r\ndoctype = curdir.split(\'/\')[-2]\r\naccess = curdir.split(\'/\')[-1]\r\n\r\n# Get the record ID, if any\r\nsysno = ParamFromFile(\"%s/%s\" % (curdir,\'SN\')).strip()\r\n\r\n\"\"\"\r\nModify below the configuration of the photos manager interface.\r\nNote: `can_reorder_photos\' parameter is not yet fully taken into consideration\r\n\r\nDocumentation of the function is available at <http://localhost/admin/websubmit/websubmitadmin.py/functionedit?funcname=Move_Photos_to_Storage>\r\n\"\"\"\r\ntext += create_photos_manager_interface(sysno, session_id, uid,\r\n                                        doctype, indir, curdir, access,\r\n                                        can_delete_photos=True,\r\n                                        can_reorder_photos=True,\r\n                                        can_upload_photos=True,\r\n                                        editor_width=700,\r\n                                        editor_height=400,\r\n                                        initial_slider_value=100,\r\n                                        max_slider_value=200,\r\n                                        min_slider_value=80)','0000-00-00','0000-00-00',NULL,NULL,0);

INSERT INTO sbmCHECKS VALUES ('AUCheck','function AUCheck(txt) {\r\n    var res=1;\r\n  tmp=txt.indexOf(\"\\015\");\r\n while (tmp != -1) {\r\n     left=txt.substring(0,tmp);\r\n      right=txt.substring(tmp+2,txt.length);\r\n      txt=left + \"\\012\" + right;\r\n       tmp=txt.indexOf(\"\\015\");\r\n }\r\n   tmp=txt.indexOf(\"\\012\");\r\n if (tmp==-1){\r\n       line=txt;\r\n       txt=\'\';}\r\n  else{\r\n       line=txt.substring(0,tmp);\r\n      txt=txt.substring(tmp+1,txt.length);}\r\n   while (line != \"\"){\r\n       coma=line.indexOf(\",\");\r\n       left=line.substring(0,coma);\r\n        right=line.substring(coma+1,line.length);\r\n       coma2=right.indexOf(\",\");\r\n     space=right.indexOf(\" \");\r\n     if ((coma==-1)||(left==\"\")||(right==\"\")||(space!=0)||(coma2!=-1)){\r\n          res=0;\r\n          error_log=line;\r\n     }\r\n       tmp=txt.indexOf(\"\\012\");\r\n     if (tmp==-1){\r\n           line=txt;\r\n           txt=\'\';}\r\n      else{\r\n           line=txt.substring(0,tmp-1);\r\n            txt=txt.substring(tmp+1,txt.length);}\r\n   }\r\n   if (res == 0){\r\n      alert(\"This author name cannot be managed \\: \\012\\012\" + error_log + \" \\012\\012It is not in the required format!\\012Put one author per line and a comma (,) between the name and the firstname initial letters. \\012The name is going first, followed by the firstname initial letters.\\012Do not forget the whitespace after the comma!!!\\012\\012Example \\: Put\\012\\012Le Meur, J Y \\012Baron, T \\012\\012for\\012\\012Le Meur Jean-Yves & Baron Thomas.\");\r\n     return 0;\r\n   }   \r\n    return 1;   \r\n}','1998-08-18','0000-00-00','','');
INSERT INTO sbmCHECKS VALUES ('DatCheckNew','function DatCheckNew(txt) {\r\n    var res=1;\r\n  if (txt.length != 10){res=0;}\r\n   if (txt.indexOf(\"/\") != 2){res=0;}\r\n    if (txt.lastIndexOf(\"/\") != 5){res=0;}\r\n    tmp=parseInt(txt.substring(0,2),10);\r\n    if ((tmp > 31)||(tmp < 1)||(isNaN(tmp))){res=0;}\r\n    tmp=parseInt(txt.substring(3,5),10);\r\n    if ((tmp > 12)||(tmp < 1)||(isNaN(tmp))){res=0;}\r\n    tmp=parseInt(txt.substring(6,10),10);\r\n   if ((tmp < 1)||(isNaN(tmp))){res=0;}\r\n    if (txt.length  == 0){res=1;}\r\n   if (res == 0){\r\n      alert(\"Please enter a correct Date \\012Format: dd/mm/yyyy\");\r\n     return 0;\r\n   }\r\n   return 1;   \r\n}','0000-00-00','0000-00-00','','');

INSERT INTO sbmFIELDDESC VALUES ('Upload_Files',NULL,'','R',NULL,NULL,NULL,NULL,NULL,'\"\"\"\r\nThis is an example of element that creates a file upload interface.\r\nClone it, customize it and integrate it into your submission. Then add function \r\n\'Move_Uploaded_Files_to_Storage\' to your submission functions list, in order for files \r\nuploaded with this interface to be attached to the record. More information in \r\nthe WebSubmit admin guide.\r\n\"\"\"\r\nimport os\r\nfrom invenio.websubmit_managedocfiles import create_file_upload_interface\r\nfrom invenio.websubmit_functions.Shared_Functions import ParamFromFile\r\n\r\nindir = ParamFromFile(os.path.join(curdir, \'indir\'))\r\ndoctype = ParamFromFile(os.path.join(curdir, \'doctype\'))\r\naccess = ParamFromFile(os.path.join(curdir, \'access\'))\r\ntry:\r\n    sysno = int(ParamFromFile(os.path.join(curdir, \'SN\')).strip())\r\nexcept:\r\n    sysno = -1\r\nln = ParamFromFile(os.path.join(curdir, \'ln\'))\r\n\r\n\"\"\"\r\nRun the following to get the list of parameters of function \'create_file_upload_interface\':\r\necho -e \'from invenio.websubmit_managedocfiles import create_file_upload_interface as f\\nprint f.__doc__\' | python\r\n\"\"\"\r\ntext = create_file_upload_interface(recid=sysno,\r\n                                 print_outside_form_tag=False,\r\n                                 include_headers=True,\r\n                                 ln=ln,\r\n                                 doctypes_and_desc=[(\'main\',\'Main document\'),\r\n                                                    (\'additional\',\'Figure, schema, etc.\')],\r\n                                 can_revise_doctypes=[\'*\'],\r\n                                 can_describe_doctypes=[\'main\'],\r\n                                 can_delete_doctypes=[\'additional\'],\r\n                                 can_rename_doctypes=[\'main\'],\r\n                                 sbm_indir=indir, sbm_doctype=doctype, sbm_access=access)[1]\r\n','0000-00-00','0000-00-00',NULL,NULL,0);

INSERT INTO sbmFORMATEXTENSION VALUES ('WORD','.doc');
INSERT INTO sbmFORMATEXTENSION VALUES ('PostScript','.ps');
INSERT INTO sbmFORMATEXTENSION VALUES ('PDF','.pdf');
INSERT INTO sbmFORMATEXTENSION VALUES ('JPEG','.jpg');
INSERT INTO sbmFORMATEXTENSION VALUES ('JPEG','.jpeg');
INSERT INTO sbmFORMATEXTENSION VALUES ('GIF','.gif');
INSERT INTO sbmFORMATEXTENSION VALUES ('PPT','.ppt');
INSERT INTO sbmFORMATEXTENSION VALUES ('HTML','.htm');
INSERT INTO sbmFORMATEXTENSION VALUES ('HTML','.html');
INSERT INTO sbmFORMATEXTENSION VALUES ('Latex','.tex');
INSERT INTO sbmFORMATEXTENSION VALUES ('Compressed PostScript','.ps.gz');
INSERT INTO sbmFORMATEXTENSION VALUES ('Tarred Tex (.tar)','.tar');
INSERT INTO sbmFORMATEXTENSION VALUES ('Text','.txt');

INSERT INTO sbmFUNDESC VALUES ('Get_Recid','record_search_pattern');
INSERT INTO sbmFUNDESC VALUES ('Get_Report_Number','edsrn');
INSERT INTO sbmFUNDESC VALUES ('Send_Modify_Mail','addressesMBI');
INSERT INTO sbmFUNDESC VALUES ('Send_Modify_Mail','sourceDoc');
INSERT INTO sbmFUNDESC VALUES ('Register_Approval_Request','categ_file_appreq');
INSERT INTO sbmFUNDESC VALUES ('Register_Approval_Request','categ_rnseek_appreq');
INSERT INTO sbmFUNDESC VALUES ('Register_Approval_Request','note_file_appreq');
INSERT INTO sbmFUNDESC VALUES ('Register_Referee_Decision','decision_file');
INSERT INTO sbmFUNDESC VALUES ('Withdraw_Approval_Request','categ_file_withd');
INSERT INTO sbmFUNDESC VALUES ('Withdraw_Approval_Request','categ_rnseek_withd');
INSERT INTO sbmFUNDESC VALUES ('Report_Number_Generation','edsrn');
INSERT INTO sbmFUNDESC VALUES ('Report_Number_Generation','autorngen');
INSERT INTO sbmFUNDESC VALUES ('Report_Number_Generation','rnin');
INSERT INTO sbmFUNDESC VALUES ('Report_Number_Generation','counterpath');
INSERT INTO sbmFUNDESC VALUES ('Report_Number_Generation','rnformat');
INSERT INTO sbmFUNDESC VALUES ('Report_Number_Generation','yeargen');
INSERT INTO sbmFUNDESC VALUES ('Report_Number_Generation','nblength');
INSERT INTO sbmFUNDESC VALUES ('Mail_Approval_Request_to_Referee','categ_file_appreq');
INSERT INTO sbmFUNDESC VALUES ('Mail_Approval_Request_to_Referee','categ_rnseek_appreq');
INSERT INTO sbmFUNDESC VALUES ('Mail_Approval_Request_to_Referee','edsrn');
INSERT INTO sbmFUNDESC VALUES ('Mail_Approval_Withdrawn_to_Referee','categ_file_withd');
INSERT INTO sbmFUNDESC VALUES ('Mail_Approval_Withdrawn_to_Referee','categ_rnseek_withd');
INSERT INTO sbmFUNDESC VALUES ('Mail_Submitter','authorfile');
INSERT INTO sbmFUNDESC VALUES ('Mail_Submitter','status');
INSERT INTO sbmFUNDESC VALUES ('Send_Approval_Request','authorfile');
INSERT INTO sbmFUNDESC VALUES ('Create_Modify_Interface','fieldnameMBI');
INSERT INTO sbmFUNDESC VALUES ('Send_Modify_Mail','fieldnameMBI');
INSERT INTO sbmFUNDESC VALUES ('Update_Approval_DB','categformatDAM');
INSERT INTO sbmFUNDESC VALUES ('Update_Approval_DB','decision_file');
INSERT INTO sbmFUNDESC VALUES ('Send_SRV_Mail','categformatDAM');
INSERT INTO sbmFUNDESC VALUES ('Send_SRV_Mail','addressesSRV');
INSERT INTO sbmFUNDESC VALUES ('Send_Approval_Request','directory');
INSERT INTO sbmFUNDESC VALUES ('Send_Approval_Request','categformatDAM');
INSERT INTO sbmFUNDESC VALUES ('Send_Approval_Request','addressesDAM');
INSERT INTO sbmFUNDESC VALUES ('Send_Approval_Request','titleFile');
INSERT INTO sbmFUNDESC VALUES ('Send_APP_Mail','edsrn');
INSERT INTO sbmFUNDESC VALUES ('Mail_Submitter','titleFile');
INSERT INTO sbmFUNDESC VALUES ('Send_Modify_Mail','emailFile');
INSERT INTO sbmFUNDESC VALUES ('Get_Info','authorFile');
INSERT INTO sbmFUNDESC VALUES ('Get_Info','emailFile');
INSERT INTO sbmFUNDESC VALUES ('Get_Info','titleFile');
INSERT INTO sbmFUNDESC VALUES ('Make_Modify_Record','modifyTemplate');
INSERT INTO sbmFUNDESC VALUES ('Send_APP_Mail','addressesAPP');
INSERT INTO sbmFUNDESC VALUES ('Send_APP_Mail','categformatAPP');
INSERT INTO sbmFUNDESC VALUES ('Send_APP_Mail','newrnin');
INSERT INTO sbmFUNDESC VALUES ('Send_APP_Mail','decision_file');
INSERT INTO sbmFUNDESC VALUES ('Send_APP_Mail','comments_file');
INSERT INTO sbmFUNDESC VALUES ('CaseEDS','casevariable');
INSERT INTO sbmFUNDESC VALUES ('CaseEDS','casevalues');
INSERT INTO sbmFUNDESC VALUES ('CaseEDS','casesteps');
INSERT INTO sbmFUNDESC VALUES ('CaseEDS','casedefault');
INSERT INTO sbmFUNDESC VALUES ('Send_SRV_Mail','noteFile');
INSERT INTO sbmFUNDESC VALUES ('Send_SRV_Mail','emailFile');
INSERT INTO sbmFUNDESC VALUES ('Mail_Submitter','emailFile');
INSERT INTO sbmFUNDESC VALUES ('Mail_Submitter','edsrn');
INSERT INTO sbmFUNDESC VALUES ('Mail_Submitter','newrnin');
INSERT INTO sbmFUNDESC VALUES ('Make_Record','sourceTemplate');
INSERT INTO sbmFUNDESC VALUES ('Make_Record','createTemplate');
INSERT INTO sbmFUNDESC VALUES ('Print_Success','edsrn');
INSERT INTO sbmFUNDESC VALUES ('Print_Success','newrnin');
INSERT INTO sbmFUNDESC VALUES ('Print_Success','status');
INSERT INTO sbmFUNDESC VALUES ('Make_Modify_Record','sourceTemplate');
INSERT INTO sbmFUNDESC VALUES ('Move_Files_to_Storage','documenttype');
INSERT INTO sbmFUNDESC VALUES ('Move_Files_to_Storage','iconsize');
INSERT INTO sbmFUNDESC VALUES ('Move_Files_to_Storage','paths_and_suffixes');
INSERT INTO sbmFUNDESC VALUES ('Move_Files_to_Storage','rename');
INSERT INTO sbmFUNDESC VALUES ('Move_Files_to_Storage','paths_and_restrictions');
INSERT INTO sbmFUNDESC VALUES ('Move_Files_to_Storage','paths_and_doctypes');
INSERT INTO sbmFUNDESC VALUES ('Move_Revised_Files_to_Storage','elementNameToDoctype');
INSERT INTO sbmFUNDESC VALUES ('Move_Revised_Files_to_Storage','createIconDoctypes');
INSERT INTO sbmFUNDESC VALUES ('Move_Revised_Files_to_Storage','createRelatedFormats');
INSERT INTO sbmFUNDESC VALUES ('Move_Revised_Files_to_Storage','iconsize');
INSERT INTO sbmFUNDESC VALUES ('Move_Revised_Files_to_Storage','keepPreviousVersionDoctypes');
INSERT INTO sbmFUNDESC VALUES ('Set_Embargo','date_file');
INSERT INTO sbmFUNDESC VALUES ('Set_Embargo','date_format');
INSERT INTO sbmFUNDESC VALUES ('Stamp_Uploaded_Files','files_to_be_stamped');
INSERT INTO sbmFUNDESC VALUES ('Stamp_Uploaded_Files','latex_template');
INSERT INTO sbmFUNDESC VALUES ('Stamp_Uploaded_Files','latex_template_vars');
INSERT INTO sbmFUNDESC VALUES ('Stamp_Uploaded_Files','stamp');
INSERT INTO sbmFUNDESC VALUES ('Stamp_Uploaded_Files','layer');
INSERT INTO sbmFUNDESC VALUES ('Stamp_Uploaded_Files','switch_file');
INSERT INTO sbmFUNDESC VALUES ('Make_Dummy_MARC_XML_Record','dummyrec_source_tpl');
INSERT INTO sbmFUNDESC VALUES ('Make_Dummy_MARC_XML_Record','dummyrec_create_tpl');
INSERT INTO sbmFUNDESC VALUES ('Print_Success_APP','decision_file');
INSERT INTO sbmFUNDESC VALUES ('Print_Success_APP','newrnin');
INSERT INTO sbmFUNDESC VALUES ('Send_Delete_Mail','edsrn');
INSERT INTO sbmFUNDESC VALUES ('Send_Delete_Mail','record_managers');
INSERT INTO sbmFUNDESC VALUES ('Second_Report_Number_Generation','2nd_rn_file');
INSERT INTO sbmFUNDESC VALUES ('Second_Report_Number_Generation','2nd_rn_format');
INSERT INTO sbmFUNDESC VALUES ('Second_Report_Number_Generation','2nd_rn_yeargen');
INSERT INTO sbmFUNDESC VALUES ('Second_Report_Number_Generation','2nd_rncateg_file');
INSERT INTO sbmFUNDESC VALUES ('Second_Report_Number_Generation','2nd_counterpath');
INSERT INTO sbmFUNDESC VALUES ('Second_Report_Number_Generation','2nd_nb_length');
INSERT INTO sbmFUNDESC VALUES ('Stamp_Replace_Single_File_Approval','file_to_be_stamped');
INSERT INTO sbmFUNDESC VALUES ('Stamp_Replace_Single_File_Approval','latex_template');
INSERT INTO sbmFUNDESC VALUES ('Stamp_Replace_Single_File_Approval','latex_template_vars');
INSERT INTO sbmFUNDESC VALUES ('Stamp_Replace_Single_File_Approval','new_file_name');
INSERT INTO sbmFUNDESC VALUES ('Stamp_Replace_Single_File_Approval','stamp');
INSERT INTO sbmFUNDESC VALUES ('Stamp_Replace_Single_File_Approval','layer');
INSERT INTO sbmFUNDESC VALUES ('Stamp_Replace_Single_File_Approval','switch_file');
INSERT INTO sbmFUNDESC VALUES ('Move_CKEditor_Files_to_Storage','input_fields');
INSERT INTO sbmFUNDESC VALUES ('Create_Upload_Files_Interface','maxsize');
INSERT INTO sbmFUNDESC VALUES ('Create_Upload_Files_Interface','minsize');
INSERT INTO sbmFUNDESC VALUES ('Create_Upload_Files_Interface','doctypes');
INSERT INTO sbmFUNDESC VALUES ('Create_Upload_Files_Interface','restrictions');
INSERT INTO sbmFUNDESC VALUES ('Create_Upload_Files_Interface','canDeleteDoctypes');
INSERT INTO sbmFUNDESC VALUES ('Create_Upload_Files_Interface','canReviseDoctypes');
INSERT INTO sbmFUNDESC VALUES ('Create_Upload_Files_Interface','canDescribeDoctypes');
INSERT INTO sbmFUNDESC VALUES ('Create_Upload_Files_Interface','canCommentDoctypes');
INSERT INTO sbmFUNDESC VALUES ('Create_Upload_Files_Interface','canKeepDoctypes');
INSERT INTO sbmFUNDESC VALUES ('Create_Upload_Files_Interface','canAddFormatDoctypes');
INSERT INTO sbmFUNDESC VALUES ('Create_Upload_Files_Interface','canRestrictDoctypes');
INSERT INTO sbmFUNDESC VALUES ('Create_Upload_Files_Interface','canRenameDoctypes');
INSERT INTO sbmFUNDESC VALUES ('Create_Upload_Files_Interface','canNameNewFiles');
INSERT INTO sbmFUNDESC VALUES ('Create_Upload_Files_Interface','createRelatedFormats');
INSERT INTO sbmFUNDESC VALUES ('Create_Upload_Files_Interface','keepDefault');
INSERT INTO sbmFUNDESC VALUES ('Create_Upload_Files_Interface','showLinks');
INSERT INTO sbmFUNDESC VALUES ('Create_Upload_Files_Interface','fileLabel');
INSERT INTO sbmFUNDESC VALUES ('Create_Upload_Files_Interface','filenameLabel');
INSERT INTO sbmFUNDESC VALUES ('Create_Upload_Files_Interface','descriptionLabel');
INSERT INTO sbmFUNDESC VALUES ('Create_Upload_Files_Interface','commentLabel');
INSERT INTO sbmFUNDESC VALUES ('Create_Upload_Files_Interface','restrictionLabel');
INSERT INTO sbmFUNDESC VALUES ('Create_Upload_Files_Interface','startDoc');
INSERT INTO sbmFUNDESC VALUES ('Create_Upload_Files_Interface','endDoc');
INSERT INTO sbmFUNDESC VALUES ('Create_Upload_Files_Interface','defaultFilenameDoctypes');
INSERT INTO sbmFUNDESC VALUES ('Create_Upload_Files_Interface','maxFilesDoctypes');
INSERT INTO sbmFUNDESC VALUES ('Move_Uploaded_Files_to_Storage','iconsize');
INSERT INTO sbmFUNDESC VALUES ('Move_Uploaded_Files_to_Storage','createIconDoctypes');
INSERT INTO sbmFUNDESC VALUES ('Move_Uploaded_Files_to_Storage','forceFileRevision');
INSERT INTO sbmFUNDESC VALUES ('Move_Photos_to_Storage','iconsize');
INSERT INTO sbmFUNDESC VALUES ('Move_Photos_to_Storage','iconformat');
INSERT INTO sbmFUNDESC VALUES ('User_is_Record_Owner_or_Curator','curator_role');
INSERT INTO sbmFUNDESC VALUES ('User_is_Record_Owner_or_Curator','curator_flag');
INSERT INTO sbmFUNDESC VALUES ('Link_Records','edsrn');
INSERT INTO sbmFUNDESC VALUES ('Link_Records','edsrn2');
INSERT INTO sbmFUNDESC VALUES ('Link_Records','directRelationship');
INSERT INTO sbmFUNDESC VALUES ('Link_Records','reverseRelationship');
INSERT INTO sbmFUNDESC VALUES ('Video_Processing','aspect');
INSERT INTO sbmFUNDESC VALUES ('Video_Processing','batch_template');
INSERT INTO sbmFUNDESC VALUES ('Video_Processing','title');
INSERT INTO sbmFUNDESC VALUES ('Set_RN_From_Sysno','edsrn');
INSERT INTO sbmFUNDESC VALUES ('Set_RN_From_Sysno','rep_tags');
INSERT INTO sbmFUNDESC VALUES ('Set_RN_From_Sysno','record_search_pattern');

INSERT INTO sbmGFILERESULT VALUES ('HTML','HTML document');
INSERT INTO sbmGFILERESULT VALUES ('WORD','data');
INSERT INTO sbmGFILERESULT VALUES ('PDF','PDF document');
INSERT INTO sbmGFILERESULT VALUES ('PostScript','PostScript document');
INSERT INTO sbmGFILERESULT VALUES ('PostScript','data ');
INSERT INTO sbmGFILERESULT VALUES ('PostScript','HP Printer Job Language data');
INSERT INTO sbmGFILERESULT VALUES ('jpg','JPEG image');
INSERT INTO sbmGFILERESULT VALUES ('Compressed PostScript','gzip compressed data');
INSERT INTO sbmGFILERESULT VALUES ('Tarred Tex (.tar)','tar archive');
INSERT INTO sbmGFILERESULT VALUES ('JPEG','JPEG image');
INSERT INTO sbmGFILERESULT VALUES ('GIF','GIF');

INSERT INTO collectiondetailedrecordpagetabs VALUES (8, 'usage;comments;metadata');
INSERT INTO collectiondetailedrecordpagetabs VALUES (19, 'usage;comments;metadata');
INSERT INTO collectiondetailedrecordpagetabs VALUES (18, 'usage;comments;metadata');
INSERT INTO collectiondetailedrecordpagetabs VALUES (17, 'usage;comments;metadata');

INSERT INTO swrREMOTESERVER VALUES (1, 'arXiv', 'arxiv.org', 'CDS_Invenio', 'sword_invenio', 'admin', 'SWORD at arXiv', 'http://arxiv.org/abs', 'https://arxiv.org/sword-app/servicedocument', '', 0);

-- end of file
