-- $Id$

-- This file is part of CDS Invenio.
-- Copyright (C) 2002, 2003, 2004, 2005, 2006, 2007, 2008 CERN.
--
-- CDS Invenio is free software; you can redistribute it and/or
-- modify it under the terms of the GNU General Public License as
-- published by the Free Software Foundation; either version 2 of the
-- License, or (at your option) any later version.
--
-- CDS Invenio is distributed in the hope that it will be useful, but
-- WITHOUT ANY WARRANTY; without even the implied warranty of
-- MERCHANTABILITY or FITNESS FOR A PARTICULAR PURPOSE.  See the GNU
-- General Public License for more details.
--
-- You should have received a copy of the GNU General Public License
-- along with CDS Invenio; if not, write to the Free Software Foundation, Inc.,
-- 59 Temple Place, Suite 330, Boston, MA 02111-1307, USA.

-- Fill Invenio configuration tables with defaults suitable for any site.

INSERT INTO rnkMETHOD (id,name,last_updated) VALUES (1,'wrd','0000-00-00 00:00:00');
INSERT INTO collection_rnkMETHOD (id_collection,id_rnkMETHOD,score) VALUES (1,1,100);
INSERT INTO rnkMETHODNAME (id_rnkMETHOD,ln,type,value) VALUES (1,'en','ln','word similarity');
INSERT INTO rnkMETHODNAME (id_rnkMETHOD,ln,type,value) VALUES (1,'fr','ln','similarité de mots');
INSERT INTO rnkMETHODNAME (id_rnkMETHOD,ln,type,value) VALUES (1,'de','ln','Wortähnlichkeit');
INSERT INTO rnkMETHODNAME (id_rnkMETHOD,ln,type,value) VALUES (1,'es','ln','similitud de palabras');
INSERT INTO rnkMETHODNAME (id_rnkMETHOD,ln,type,value) VALUES (1,'ca','ln','semblança de paraules');
INSERT INTO rnkMETHODNAME (id_rnkMETHOD,ln,type,value) VALUES (1,'pl','ln','word similarity');
INSERT INTO rnkMETHODNAME (id_rnkMETHOD,ln,type,value) VALUES (1,'pt','ln','similaridade por palavra');
INSERT INTO rnkMETHODNAME (id_rnkMETHOD,ln,type,value) VALUES (1,'it','ln','word similarity');
INSERT INTO rnkMETHODNAME (id_rnkMETHOD,ln,type,value) VALUES (1,'ja','ln','word similarity');
INSERT INTO rnkMETHODNAME (id_rnkMETHOD,ln,type,value) VALUES (1,'ru','ln','похожые слова');
INSERT INTO rnkMETHODNAME (id_rnkMETHOD,ln,type,value) VALUES (1,'sk','ln','podobnosť slov');
INSERT INTO rnkMETHODNAME (id_rnkMETHOD,ln,type,value) VALUES (1,'cs','ln','podobnost slov');
INSERT INTO rnkMETHODNAME (id_rnkMETHOD,ln,type,value) VALUES (1,'no','ln','ord-likhet');
INSERT INTO rnkMETHODNAME (id_rnkMETHOD,ln,type,value) VALUES (1,'sv','ln','ord-likhet');
INSERT INTO rnkMETHODNAME (id_rnkMETHOD,ln,type,value) VALUES (1,'el','ln','ομοιότητα λέξης');
INSERT INTO rnkMETHODNAME (id_rnkMETHOD,ln,type,value) VALUES (1,'uk','ln','подібні слова');
INSERT INTO rnkMETHODNAME (id_rnkMETHOD,ln,type,value) VALUES (1,'bg','ln','word similarity');
INSERT INTO rnkMETHODNAME (id_rnkMETHOD,ln,type,value) VALUES (1,'hr','ln','sličnost riječi');
INSERT INTO rnkMETHODNAME (id_rnkMETHOD,ln,type,value) VALUES (1,'zh_CN','ln','相似字词');
INSERT INTO rnkMETHODNAME (id_rnkMETHOD,ln,type,value) VALUES (1,'zh_TW','ln','相似字詞');

INSERT INTO rnkCITATIONDATA VALUES (1,'citationdict','','');
INSERT INTO rnkCITATIONDATA VALUES (2,'reversedict','','');
INSERT INTO rnkCITATIONDATA VALUES (3,'selfcitdict','','');
INSERT INTO rnkCITATIONDATA VALUES (4,'selfcitedbydict','','');

INSERT INTO field VALUES (1,'any field','anyfield');
INSERT INTO field VALUES (2,'title','title');
INSERT INTO field VALUES (3,'author','author');
INSERT INTO field VALUES (4,'abstract','abstract');
INSERT INTO field VALUES (5,'keyword','keyword');
INSERT INTO field VALUES (6,'report number','reportnumber');
INSERT INTO field VALUES (7,'subject','subject');
INSERT INTO field VALUES (8,'reference','reference');
INSERT INTO field VALUES (9,'fulltext','fulltext');
INSERT INTO field VALUES (10,'collection','collection');
INSERT INTO field VALUES (11,'division','division');
INSERT INTO field VALUES (12,'year','year');
INSERT INTO field VALUES (13,'experiment','experiment');
INSERT INTO field VALUES (14,'record ID','recid');

INSERT INTO fieldname VALUES (1,'en','ln','any field');
INSERT INTO fieldname VALUES (1,'fr','ln','tous les champs');
INSERT INTO fieldname VALUES (1,'de','ln','alle Felder');
INSERT INTO fieldname VALUES (1,'es','ln','cualquier campo');
INSERT INTO fieldname VALUES (1,'ca','ln','qualsevol camp');
INSERT INTO fieldname VALUES (1,'pl','ln','dowolne pole');
INSERT INTO fieldname VALUES (1,'pt','ln','qualquer campo');
INSERT INTO fieldname VALUES (1,'it','ln','tutti i campi');
INSERT INTO fieldname VALUES (1,'ru','ln','любое поле');
INSERT INTO fieldname VALUES (1,'sk','ln','všetky polia');
INSERT INTO fieldname VALUES (1,'cs','ln','všechna pole');
INSERT INTO fieldname VALUES (1,'no','ln','alle felt');
INSERT INTO fieldname VALUES (1,'sv','ln','samtliga fält');
INSERT INTO fieldname VALUES (1,'el','ln','οποιοδήποτε πεδίο');
INSERT INTO fieldname VALUES (1,'uk','ln','всі поля');
INSERT INTO fieldname VALUES (1,'ja','ln','すべての分野');
INSERT INTO fieldname VALUES (1,'bg','ln','всички');
INSERT INTO fieldname VALUES (1,'hr','ln','bilo koje polje');
INSERT INTO fieldname VALUES (1,'zh_CN','ln','任何字段');
INSERT INTO fieldname VALUES (1,'zh_TW','ln','任何欄位');

INSERT INTO fieldname VALUES (2,'en','ln','title');
INSERT INTO fieldname VALUES (2,'fr','ln','titre');
INSERT INTO fieldname VALUES (2,'de','ln','Titel');
INSERT INTO fieldname VALUES (2,'es','ln','título');
INSERT INTO fieldname VALUES (2,'ca','ln','títol');
INSERT INTO fieldname VALUES (2,'pl','ln','tytuł');
INSERT INTO fieldname VALUES (2,'pt','ln','título');
INSERT INTO fieldname VALUES (2,'it','ln','titolo');
INSERT INTO fieldname VALUES (2,'ru','ln','название');
INSERT INTO fieldname VALUES (2,'sk','ln','názov');
INSERT INTO fieldname VALUES (2,'cs','ln','název');
INSERT INTO fieldname VALUES (2,'no','ln','tittel');
INSERT INTO fieldname VALUES (2,'sv','ln','titel');
INSERT INTO fieldname VALUES (2,'el','ln','τίτλος');
INSERT INTO fieldname VALUES (2,'uk','ln','назва');
INSERT INTO fieldname VALUES (2,'ja','ln','タイトル');
INSERT INTO fieldname VALUES (2,'bg','ln','заглавие');
INSERT INTO fieldname VALUES (2,'hr','ln','naslov');
INSERT INTO fieldname VALUES (2,'zh_CN','ln','标题');
INSERT INTO fieldname VALUES (2,'zh_TW','ln','標題');

INSERT INTO fieldname VALUES (3,'en','ln','author');
INSERT INTO fieldname VALUES (3,'fr','ln','auteur');
INSERT INTO fieldname VALUES (3,'de','ln','Autor');
INSERT INTO fieldname VALUES (3,'es','ln','autor');
INSERT INTO fieldname VALUES (3,'ca','ln','autor');
INSERT INTO fieldname VALUES (3,'pl','ln','autor');
INSERT INTO fieldname VALUES (3,'pt','ln','autor');
INSERT INTO fieldname VALUES (3,'it','ln','autore');
INSERT INTO fieldname VALUES (3,'ru','ln','автор');
INSERT INTO fieldname VALUES (3,'sk','ln','autor');
INSERT INTO fieldname VALUES (3,'cs','ln','autor');
INSERT INTO fieldname VALUES (3,'no','ln','forfatter');
INSERT INTO fieldname VALUES (3,'sv','ln','författare');
INSERT INTO fieldname VALUES (3,'el','ln','συγγραφέας');
INSERT INTO fieldname VALUES (3,'uk','ln','автор');
INSERT INTO fieldname VALUES (3,'ja','ln','著者');
INSERT INTO fieldname VALUES (3,'bg','ln','автор');
INSERT INTO fieldname VALUES (3,'hr','ln','autor');
INSERT INTO fieldname VALUES (3,'zh_CN','ln','作者');
INSERT INTO fieldname VALUES (3,'zh_TW','ln','作者');

INSERT INTO fieldname VALUES (4,'en','ln','abstract');
INSERT INTO fieldname VALUES (4,'fr','ln','abstract');
INSERT INTO fieldname VALUES (4,'de','ln','Abstrakt');
INSERT INTO fieldname VALUES (4,'es','ln','resumen');
INSERT INTO fieldname VALUES (4,'ca','ln','resum');
INSERT INTO fieldname VALUES (4,'pl','ln','abstrakt');
INSERT INTO fieldname VALUES (4,'pt','ln','resumo');
INSERT INTO fieldname VALUES (4,'it','ln','riassunto');
INSERT INTO fieldname VALUES (4,'ru','ln','абстракт');
INSERT INTO fieldname VALUES (4,'sk','ln','abstrakt');
INSERT INTO fieldname VALUES (4,'cs','ln','abstrakt');
INSERT INTO fieldname VALUES (4,'no','ln','sammendrag');
INSERT INTO fieldname VALUES (4,'sv','ln','sammanfattning');
INSERT INTO fieldname VALUES (4,'el','ln','περίληψη');
INSERT INTO fieldname VALUES (4,'uk','ln','резюме');
INSERT INTO fieldname VALUES (4,'ja','ln','概要');
INSERT INTO fieldname VALUES (4,'bg','ln','резюме');
INSERT INTO fieldname VALUES (4,'hr','ln','sažetak');
INSERT INTO fieldname VALUES (4,'zh_CN','ln','摘要');
INSERT INTO fieldname VALUES (4,'zh_TW','ln','摘要');

INSERT INTO fieldname VALUES (5,'en','ln','keyword');
INSERT INTO fieldname VALUES (5,'fr','ln','mot clé');
INSERT INTO fieldname VALUES (5,'de','ln','Kennwort');
INSERT INTO fieldname VALUES (5,'es','ln','palabra clave');
INSERT INTO fieldname VALUES (5,'ca','ln','paraula clau');
INSERT INTO fieldname VALUES (5,'pl','ln','słowo kluczowe');
INSERT INTO fieldname VALUES (5,'pt','ln','palavra chave');
INSERT INTO fieldname VALUES (5,'it','ln','parola chiave');
INSERT INTO fieldname VALUES (5,'ru','ln','ключевое слово');
INSERT INTO fieldname VALUES (5,'sk','ln','kľúčové slovo');
INSERT INTO fieldname VALUES (5,'cs','ln','klíčové slovo');
INSERT INTO fieldname VALUES (5,'no','ln','nøkkelord');
INSERT INTO fieldname VALUES (5,'sv','ln','nyckelord');
INSERT INTO fieldname VALUES (5,'el','ln','λέξη κλειδί');
INSERT INTO fieldname VALUES (5,'uk','ln','ключеве слово');
INSERT INTO fieldname VALUES (5,'ja','ln','キーワード');
INSERT INTO fieldname VALUES (5,'bg','ln','ключова дума');
INSERT INTO fieldname VALUES (5,'hr','ln','ključna riječ');
INSERT INTO fieldname VALUES (5,'zh_CN','ln','关键词');
INSERT INTO fieldname VALUES (5,'zh_TW','ln','關鍵詞');

INSERT INTO fieldname VALUES (6,'en','ln','report number');
INSERT INTO fieldname VALUES (6,'fr','ln','numéro de rapport');
INSERT INTO fieldname VALUES (6,'de','ln','Reportnummer');
INSERT INTO fieldname VALUES (6,'es','ln','número de reporte');
INSERT INTO fieldname VALUES (6,'ca','ln','número d\'informe');
INSERT INTO fieldname VALUES (6,'pl','ln','numer raportu');
INSERT INTO fieldname VALUES (6,'pt','ln','número de registro');
INSERT INTO fieldname VALUES (6,'it','ln','numero del rapporto');
INSERT INTO fieldname VALUES (6,'ru','ln','номер документа');
INSERT INTO fieldname VALUES (6,'sk','ln','číslo správy');
INSERT INTO fieldname VALUES (6,'cs','ln','číslo zprávy');
INSERT INTO fieldname VALUES (6,'no','ln','rapportnummer');
INSERT INTO fieldname VALUES (6,'sv','ln','rapportnummer');
INSERT INTO fieldname VALUES (6,'el','ln','αριθμός αναφοράς');
INSERT INTO fieldname VALUES (6,'uk','ln','номер документа');
INSERT INTO fieldname VALUES (6,'ja','ln','レポート数');
INSERT INTO fieldname VALUES (6,'bg','ln','номер на документа');
INSERT INTO fieldname VALUES (6,'hr','ln','broj izvještaja');
INSERT INTO fieldname VALUES (6,'zh_CN','ln','报告编号');
INSERT INTO fieldname VALUES (6,'zh_TW','ln','報告編號');

INSERT INTO fieldname VALUES (7,'en','ln','subject');
INSERT INTO fieldname VALUES (7,'fr','ln','sujet');
INSERT INTO fieldname VALUES (7,'de','ln','Thema');
INSERT INTO fieldname VALUES (7,'es','ln','materia');
INSERT INTO fieldname VALUES (7,'ca','ln','matèria');
INSERT INTO fieldname VALUES (7,'pl','ln','temat');
INSERT INTO fieldname VALUES (7,'pt','ln','assunto');
INSERT INTO fieldname VALUES (7,'it','ln','soggetto');
INSERT INTO fieldname VALUES (7,'ru','ln','предмет');
INSERT INTO fieldname VALUES (7,'sk','ln','predmet');
INSERT INTO fieldname VALUES (7,'cs','ln','předmět');
INSERT INTO fieldname VALUES (7,'no','ln','emne');
INSERT INTO fieldname VALUES (7,'sv','ln','');
INSERT INTO fieldname VALUES (7,'el','ln','θέμα');
INSERT INTO fieldname VALUES (7,'uk','ln','тема');
INSERT INTO fieldname VALUES (7,'ja','ln','ﾂ 主題');
INSERT INTO fieldname VALUES (7,'bg','ln','тема');
INSERT INTO fieldname VALUES (7,'hr','ln','predmetna odrednica');
INSERT INTO fieldname VALUES (7,'zh_CN','ln','主题');
INSERT INTO fieldname VALUES (7,'zh_TW','ln','主題');

INSERT INTO fieldname VALUES (8,'en','ln','reference');
INSERT INTO fieldname VALUES (8,'fr','ln','référence');
INSERT INTO fieldname VALUES (8,'de','ln','Referenz');
INSERT INTO fieldname VALUES (8,'es','ln','referencia');
INSERT INTO fieldname VALUES (8,'ca','ln','referència');
INSERT INTO fieldname VALUES (8,'pl','ln','odnośnik');
INSERT INTO fieldname VALUES (8,'pt','ln','referência');
INSERT INTO fieldname VALUES (8,'it','ln','referenza');
INSERT INTO fieldname VALUES (8,'ru','ln','ссылка');
INSERT INTO fieldname VALUES (8,'sk','ln','referencie');
INSERT INTO fieldname VALUES (8,'cs','ln','reference');
INSERT INTO fieldname VALUES (8,'no','ln','referanse');
INSERT INTO fieldname VALUES (8,'sv','ln','referens');
INSERT INTO fieldname VALUES (8,'el','ln','αναφορά');
INSERT INTO fieldname VALUES (8,'uk','ln','посилання');
INSERT INTO fieldname VALUES (8,'ja','ln','参照');
INSERT INTO fieldname VALUES (8,'bg','ln','препратка');
INSERT INTO fieldname VALUES (8,'hr','ln','referenca');
INSERT INTO fieldname VALUES (8,'zh_CN','ln','参考');
INSERT INTO fieldname VALUES (8,'zh_TW','ln','參考');

INSERT INTO fieldname VALUES (9,'en','ln','fulltext');
INSERT INTO fieldname VALUES (9,'fr','ln','fulltext');
INSERT INTO fieldname VALUES (9,'de','ln','Volltext');
INSERT INTO fieldname VALUES (9,'es','ln','texto completo');
INSERT INTO fieldname VALUES (9,'ca','ln','text complert');
INSERT INTO fieldname VALUES (9,'pl','ln','pełny tekst');
INSERT INTO fieldname VALUES (9,'pt','ln','texto completo');
INSERT INTO fieldname VALUES (9,'it','ln','testo completo');
INSERT INTO fieldname VALUES (9,'ru','ln','полный текст');
INSERT INTO fieldname VALUES (9,'sk','ln','plný text');
INSERT INTO fieldname VALUES (9,'cs','ln','plný text');
INSERT INTO fieldname VALUES (9,'no','ln','fulltekst');
INSERT INTO fieldname VALUES (9,'sv','ln','fulltext');
INSERT INTO fieldname VALUES (9,'el','ln','πλήρες κείμενο');
INSERT INTO fieldname VALUES (9,'uk','ln','повний текст');
INSERT INTO fieldname VALUES (9,'ja','ln','フルテキスト');
INSERT INTO fieldname VALUES (9,'bg','ln','пълен текст');
INSERT INTO fieldname VALUES (9,'hr','ln','cjeloviti tekst');
INSERT INTO fieldname VALUES (9,'zh_CN','ln','全文');
INSERT INTO fieldname VALUES (9,'zh_TW','ln','全文');

INSERT INTO fieldname VALUES (10,'en','ln','collection');
INSERT INTO fieldname VALUES (10,'fr','ln','collection');
INSERT INTO fieldname VALUES (10,'de','ln','Sammlung');
INSERT INTO fieldname VALUES (10,'es','ln','colección');
INSERT INTO fieldname VALUES (10,'ca','ln','col·lecció');
INSERT INTO fieldname VALUES (10,'pl','ln','zbiór');
INSERT INTO fieldname VALUES (10,'pt','ln','coleção');
INSERT INTO fieldname VALUES (10,'it','ln','collezione');
INSERT INTO fieldname VALUES (10,'ru','ln','набор');
INSERT INTO fieldname VALUES (10,'sk','ln','kolekcia');
INSERT INTO fieldname VALUES (10,'cs','ln','kolekce');
INSERT INTO fieldname VALUES (10,'no','ln','samling');
INSERT INTO fieldname VALUES (10,'sv','ln','samlingen');
INSERT INTO fieldname VALUES (10,'el','ln','συλλογή');
INSERT INTO fieldname VALUES (10,'uk','ln','розділ');
INSERT INTO fieldname VALUES (10,'ja','ln','コレクション');
INSERT INTO fieldname VALUES (10,'bg','ln','колекция');
INSERT INTO fieldname VALUES (10,'hr','ln','kolekcija');
INSERT INTO fieldname VALUES (10,'zh_CN','ln','汇集');
INSERT INTO fieldname VALUES (10,'zh_TW','ln','彙集');

INSERT INTO fieldname VALUES (11,'en','ln','division');
INSERT INTO fieldname VALUES (11,'fr','ln','division');
INSERT INTO fieldname VALUES (11,'de','ln','Abteilung');
INSERT INTO fieldname VALUES (11,'es','ln','división');
INSERT INTO fieldname VALUES (11,'ca','ln','divisió');
INSERT INTO fieldname VALUES (11,'pl','ln','podział');
INSERT INTO fieldname VALUES (11,'pt','ln','divisão');
INSERT INTO fieldname VALUES (11,'it','ln','divisione');
INSERT INTO fieldname VALUES (11,'ru','ln','разделение');
INSERT INTO fieldname VALUES (11,'sk','ln','oddelenie');
INSERT INTO fieldname VALUES (11,'cs','ln','oddělení');
INSERT INTO fieldname VALUES (11,'no','ln','divisjon');
INSERT INTO fieldname VALUES (11,'sv','ln','');
INSERT INTO fieldname VALUES (11,'el','ln','τμήμα');
INSERT INTO fieldname VALUES (11,'uk','ln','підрозділ');
INSERT INTO fieldname VALUES (11,'ja','ln','部');
INSERT INTO fieldname VALUES (11,'bg','ln','отдел');
INSERT INTO fieldname VALUES (11,'hr','ln','odjel');
INSERT INTO fieldname VALUES (11,'zh_CN','ln','分类');
INSERT INTO fieldname VALUES (11,'zh_TW','ln','分類');

INSERT INTO fieldname VALUES (12,'en','ln','year');
INSERT INTO fieldname VALUES (12,'fr','ln','année');
INSERT INTO fieldname VALUES (12,'de','ln','Jahr');
INSERT INTO fieldname VALUES (12,'es','ln','año');
INSERT INTO fieldname VALUES (12,'ca','ln','any');
INSERT INTO fieldname VALUES (12,'pl','ln','rok');
INSERT INTO fieldname VALUES (12,'pt','ln','ano');
INSERT INTO fieldname VALUES (12,'it','ln','anno');
INSERT INTO fieldname VALUES (12,'ru','ln','год');
INSERT INTO fieldname VALUES (12,'sk','ln','rok');
INSERT INTO fieldname VALUES (12,'cs','ln','rok');
INSERT INTO fieldname VALUES (12,'no','ln','år');
INSERT INTO fieldname VALUES (12,'sv','ln','år');
INSERT INTO fieldname VALUES (12,'el','ln','έτος');
INSERT INTO fieldname VALUES (12,'uk','ln','рік');
INSERT INTO fieldname VALUES (12,'ja','ln','年');
INSERT INTO fieldname VALUES (12,'bg','ln','година');
INSERT INTO fieldname VALUES (12,'hr','ln','godina');
INSERT INTO fieldname VALUES (12,'zh_CN','ln','年份');
INSERT INTO fieldname VALUES (12,'zh_TW','ln','年份');

INSERT INTO fieldname VALUES (13,'en','ln','experiment');
INSERT INTO fieldname VALUES (13,'fr','ln','expérience');
INSERT INTO fieldname VALUES (13,'de','ln','Experiment');
INSERT INTO fieldname VALUES (13,'es','ln','experimento');
INSERT INTO fieldname VALUES (13,'ca','ln','experiment');
INSERT INTO fieldname VALUES (13,'pl','ln','eksperyment');
INSERT INTO fieldname VALUES (13,'pt','ln','experimento');
INSERT INTO fieldname VALUES (13,'it','ln','esperimento');
INSERT INTO fieldname VALUES (13,'ru','ln','эксперимент');
INSERT INTO fieldname VALUES (13,'sk','ln','experiment');
INSERT INTO fieldname VALUES (13,'cs','ln','experiment');
INSERT INTO fieldname VALUES (13,'no','ln','eksperiment');
INSERT INTO fieldname VALUES (13,'sv','ln','');
INSERT INTO fieldname VALUES (13,'el','ln','πείραμα');
INSERT INTO fieldname VALUES (13,'uk','ln','експеримент');
INSERT INTO fieldname VALUES (13,'ja','ln','実験');
INSERT INTO fieldname VALUES (13,'bg','ln','експеримент');
INSERT INTO fieldname VALUES (13,'hr','ln','eksperiment');
INSERT INTO fieldname VALUES (13,'zh_CN','ln','实验');
INSERT INTO fieldname VALUES (13,'zh_TW','ln','實驗');

INSERT INTO fieldname VALUES (14,'en','ln','record ID');
INSERT INTO fieldname VALUES (14,'fr','ln','identificateur de notice');
INSERT INTO fieldname VALUES (14,'de','ln','Datensatz-ID');
INSERT INTO fieldname VALUES (14,'es','ln','registro núm.');
INSERT INTO fieldname VALUES (14,'ca','ln','registre núm.');
INSERT INTO fieldname VALUES (14,'pl','ln','ID rekordu');
INSERT INTO fieldname VALUES (14,'pt','ln','ID do registro');
INSERT INTO fieldname VALUES (14,'it','ln','ID della notizia');
INSERT INTO fieldname VALUES (14,'ru','ln','номер записи');
INSERT INTO fieldname VALUES (14,'sk','ln','ID záznamu');
INSERT INTO fieldname VALUES (14,'cs','ln','ID záznamu');
INSERT INTO fieldname VALUES (14,'no','ln','post ID');
INSERT INTO fieldname VALUES (14,'sv','ln','');
INSERT INTO fieldname VALUES (14,'el','ln','record ID');
INSERT INTO fieldname VALUES (14,'uk','ln','номер запису');
INSERT INTO fieldname VALUES (14,'ja','ln','記録的なID');
INSERT INTO fieldname VALUES (14,'bg','ln','ID на записа');
INSERT INTO fieldname VALUES (14,'hr','ln','ID unosa');
INSERT INTO fieldname VALUES (14,'zh_CN','ln','记录号');
INSERT INTO fieldname VALUES (14,'zh_TW','ln','記錄號');

INSERT INTO field_tag VALUES (1,100,10);
INSERT INTO field_tag VALUES (1,101,10);
INSERT INTO field_tag VALUES (1,102,10);
INSERT INTO field_tag VALUES (1,103,10);
INSERT INTO field_tag VALUES (1,104,10);
INSERT INTO field_tag VALUES (1,105,10);
INSERT INTO field_tag VALUES (1,106,10);
INSERT INTO field_tag VALUES (1,107,10);
INSERT INTO field_tag VALUES (1,108,10);
INSERT INTO field_tag VALUES (1,109,10);
INSERT INTO field_tag VALUES (1,110,10);
INSERT INTO field_tag VALUES (1,111,10);
INSERT INTO field_tag VALUES (1,112,10);
INSERT INTO field_tag VALUES (1,113,10);
INSERT INTO field_tag VALUES (1,114,10);
INSERT INTO field_tag VALUES (1,16,10);
INSERT INTO field_tag VALUES (1,17,10);
INSERT INTO field_tag VALUES (1,18,10);
INSERT INTO field_tag VALUES (1,19,10);
INSERT INTO field_tag VALUES (1,20,10);
INSERT INTO field_tag VALUES (1,21,10);
INSERT INTO field_tag VALUES (1,22,10);
INSERT INTO field_tag VALUES (1,23,10);
INSERT INTO field_tag VALUES (1,24,10);
INSERT INTO field_tag VALUES (1,25,10);
INSERT INTO field_tag VALUES (1,26,10);
INSERT INTO field_tag VALUES (1,27,10);
INSERT INTO field_tag VALUES (1,28,10);
INSERT INTO field_tag VALUES (1,29,10);
INSERT INTO field_tag VALUES (1,30,10);
INSERT INTO field_tag VALUES (1,31,10);
INSERT INTO field_tag VALUES (1,32,10);
INSERT INTO field_tag VALUES (1,33,10);
INSERT INTO field_tag VALUES (1,34,10);
INSERT INTO field_tag VALUES (1,35,10);
INSERT INTO field_tag VALUES (1,36,10);
INSERT INTO field_tag VALUES (1,37,10);
INSERT INTO field_tag VALUES (1,38,10);
INSERT INTO field_tag VALUES (1,39,10);
INSERT INTO field_tag VALUES (1,40,10);
INSERT INTO field_tag VALUES (1,41,10);
INSERT INTO field_tag VALUES (1,42,10);
INSERT INTO field_tag VALUES (1,43,10);
INSERT INTO field_tag VALUES (1,44,10);
INSERT INTO field_tag VALUES (1,45,10);
INSERT INTO field_tag VALUES (1,46,10);
INSERT INTO field_tag VALUES (1,47,10);
INSERT INTO field_tag VALUES (1,48,10);
INSERT INTO field_tag VALUES (1,49,10);
INSERT INTO field_tag VALUES (1,50,10);
INSERT INTO field_tag VALUES (1,51,10);
INSERT INTO field_tag VALUES (1,52,10);
INSERT INTO field_tag VALUES (1,53,10);
INSERT INTO field_tag VALUES (1,54,10);
INSERT INTO field_tag VALUES (1,55,10);
INSERT INTO field_tag VALUES (1,56,10);
INSERT INTO field_tag VALUES (1,57,10);
INSERT INTO field_tag VALUES (1,58,10);
INSERT INTO field_tag VALUES (1,59,10);
INSERT INTO field_tag VALUES (1,60,10);
INSERT INTO field_tag VALUES (1,61,10);
INSERT INTO field_tag VALUES (1,62,10);
INSERT INTO field_tag VALUES (1,63,10);
INSERT INTO field_tag VALUES (1,64,10);
INSERT INTO field_tag VALUES (1,65,10);
INSERT INTO field_tag VALUES (1,66,10);
INSERT INTO field_tag VALUES (1,67,10);
INSERT INTO field_tag VALUES (1,68,10);
INSERT INTO field_tag VALUES (1,69,10);
INSERT INTO field_tag VALUES (1,70,10);
INSERT INTO field_tag VALUES (1,71,10);
INSERT INTO field_tag VALUES (1,72,10);
INSERT INTO field_tag VALUES (1,73,10);
INSERT INTO field_tag VALUES (1,74,10);
INSERT INTO field_tag VALUES (1,75,10);
INSERT INTO field_tag VALUES (1,76,10);
INSERT INTO field_tag VALUES (1,77,10);
INSERT INTO field_tag VALUES (1,78,10);
INSERT INTO field_tag VALUES (1,79,10);
INSERT INTO field_tag VALUES (1,80,10);
INSERT INTO field_tag VALUES (1,81,10);
INSERT INTO field_tag VALUES (1,82,10);
INSERT INTO field_tag VALUES (1,83,10);
INSERT INTO field_tag VALUES (1,84,10);
INSERT INTO field_tag VALUES (1,85,10);
INSERT INTO field_tag VALUES (1,86,10);
INSERT INTO field_tag VALUES (1,87,10);
INSERT INTO field_tag VALUES (1,88,10);
INSERT INTO field_tag VALUES (1,89,10);
INSERT INTO field_tag VALUES (1,90,10);
INSERT INTO field_tag VALUES (1,91,10);
INSERT INTO field_tag VALUES (1,92,10);
INSERT INTO field_tag VALUES (1,93,10);
INSERT INTO field_tag VALUES (1,94,10);
INSERT INTO field_tag VALUES (1,95,10);
INSERT INTO field_tag VALUES (1,96,10);
INSERT INTO field_tag VALUES (1,97,10);
INSERT INTO field_tag VALUES (1,98,10);
INSERT INTO field_tag VALUES (1,99,10);
INSERT INTO field_tag VALUES (10,11,100);
INSERT INTO field_tag VALUES (11,14,100);
INSERT INTO field_tag VALUES (12,15,10);
INSERT INTO field_tag VALUES (13,116,10);
INSERT INTO field_tag VALUES (2,3,100);
INSERT INTO field_tag VALUES (2,4,90);
INSERT INTO field_tag VALUES (3,1,100);
INSERT INTO field_tag VALUES (3,2,90);
INSERT INTO field_tag VALUES (4,5,100);
INSERT INTO field_tag VALUES (5,6,100);
INSERT INTO field_tag VALUES (6,7,30);
INSERT INTO field_tag VALUES (6,8,10);
INSERT INTO field_tag VALUES (6,9,20);
INSERT INTO field_tag VALUES (7,12,100);
INSERT INTO field_tag VALUES (7,13,90);
INSERT INTO field_tag VALUES (8,10,100);
INSERT INTO field_tag VALUES (9,115,100);
INSERT INTO field_tag VALUES (14,117,100);

INSERT INTO format VALUES (1,'HTML brief','hb', 'HTML brief output format, used for search results pages.', 'text/html', 1);
INSERT INTO format VALUES (2,'HTML detailed','hd', 'HTML detailed output format, used for Detailed record pages.', 'text/html', 1);
INSERT INTO format VALUES (6,'portfolio','hp', 'HTML portfolio-style output format for photos.', 'text/html', 1);
INSERT INTO format VALUES (7,'photo captions only','hc', 'HTML caption-only output format for photos.', 'text/html', 1);
INSERT INTO format VALUES (8,'BibTeX','hx', 'BibTeX.', 'text/html', 1);
INSERT INTO format VALUES (4,'Dublin Core','xd', 'XML Dublin Core.', 'text/xml', 1);
INSERT INTO format VALUES (3,'MARC','hm', 'HTML MARC.', 'text/html', 1);
INSERT INTO format VALUES (5,'MARCXML','xm', 'XML MARC.', 'text/xml', 1);
INSERT INTO format VALUES (9,'EndNote','xe', 'XML EndNote.', 'text/xml', 1);
INSERT INTO format VALUES (10,'NLM','xn', 'XML NLM.', 'text/xml', 1);
INSERT INTO format VALUES (11,'Excel','excel', 'Excel csv output', 'application/ms-excel', 0);
INSERT INTO format VALUES (12,'HTML similarity','hs', 'Very short HTML output for similarity box (<i>people also viewed..</i>).', 'text/html', 0);
INSERT INTO format VALUES (13,'RSS','xr', 'RSS.', 'text/xml', 0);
INSERT INTO format VALUES (14,'OAI DC','xoaidc', 'OAI DC.', 'text/xml', 0);
INSERT INTO format VALUES (15,'File mini-panel', 'hdfile', 'Used to show fulltext files in mini-panel of detailed record pages.', 'text/html', 0);
INSERT INTO format VALUES (16,'Actions mini-panel', 'hdact', 'Used to display actions in mini-panel of detailed record pages.', 'text/html', 0);
INSERT INTO format VALUES (17,'References tab', 'hdref', 'Display record references in References tab.', 'text/html', 0);

INSERT INTO tag VALUES (1,'first author','100__%');
INSERT INTO tag VALUES (2,'additional author','700__%');
INSERT INTO tag VALUES (3,'main title','245__%');
INSERT INTO tag VALUES (4,'additional title','246__%');
INSERT INTO tag VALUES (5,'abstract','520__%');
INSERT INTO tag VALUES (6,'keyword','6531_a');
INSERT INTO tag VALUES (7,'primary report number','037__a');
INSERT INTO tag VALUES (8,'additional report number','088__a');
INSERT INTO tag VALUES (9,'added report number','909C0r');
INSERT INTO tag VALUES (10,'reference','999C5%');
INSERT INTO tag VALUES (11,'collection identifier','980__%');
INSERT INTO tag VALUES (12,'main subject','65017a');
INSERT INTO tag VALUES (13,'additional subject','65027a');
INSERT INTO tag VALUES (14,'division','909C0p');
INSERT INTO tag VALUES (15,'year','909C0y');
INSERT INTO tag VALUES (16,'00x','00%');
INSERT INTO tag VALUES (17,'01x','01%');
INSERT INTO tag VALUES (18,'02x','02%');
INSERT INTO tag VALUES (19,'03x','03%');
INSERT INTO tag VALUES (20,'lang','04%');
INSERT INTO tag VALUES (21,'05x','05%');
INSERT INTO tag VALUES (22,'06x','06%');
INSERT INTO tag VALUES (23,'07x','07%');
INSERT INTO tag VALUES (24,'08x','08%');
INSERT INTO tag VALUES (25,'09x','09%');
INSERT INTO tag VALUES (26,'10x','10%');
INSERT INTO tag VALUES (27,'11x','11%');
INSERT INTO tag VALUES (28,'12x','12%');
INSERT INTO tag VALUES (29,'13x','13%');
INSERT INTO tag VALUES (30,'14x','14%');
INSERT INTO tag VALUES (31,'15x','15%');
INSERT INTO tag VALUES (32,'16x','16%');
INSERT INTO tag VALUES (33,'17x','17%');
INSERT INTO tag VALUES (34,'18x','18%');
INSERT INTO tag VALUES (35,'19x','19%');
INSERT INTO tag VALUES (36,'20x','20%');
INSERT INTO tag VALUES (37,'21x','21%');
INSERT INTO tag VALUES (38,'22x','22%');
INSERT INTO tag VALUES (39,'23x','23%');
INSERT INTO tag VALUES (40,'24x','24%');
INSERT INTO tag VALUES (41,'25x','25%');
INSERT INTO tag VALUES (42,'internal','26%');
INSERT INTO tag VALUES (43,'27x','27%');
INSERT INTO tag VALUES (44,'28x','28%');
INSERT INTO tag VALUES (45,'29x','29%');
INSERT INTO tag VALUES (46,'pages','30%');
INSERT INTO tag VALUES (47,'31x','31%');
INSERT INTO tag VALUES (48,'32x','32%');
INSERT INTO tag VALUES (49,'33x','33%');
INSERT INTO tag VALUES (50,'34x','34%');
INSERT INTO tag VALUES (51,'35x','35%');
INSERT INTO tag VALUES (52,'36x','36%');
INSERT INTO tag VALUES (53,'37x','37%');
INSERT INTO tag VALUES (54,'38x','38%');
INSERT INTO tag VALUES (55,'39x','39%');
INSERT INTO tag VALUES (56,'40x','40%');
INSERT INTO tag VALUES (57,'41x','41%');
INSERT INTO tag VALUES (58,'42x','42%');
INSERT INTO tag VALUES (59,'43x','43%');
INSERT INTO tag VALUES (60,'44x','44%');
INSERT INTO tag VALUES (61,'45x','45%');
INSERT INTO tag VALUES (62,'46x','46%');
INSERT INTO tag VALUES (63,'47x','47%');
INSERT INTO tag VALUES (64,'48x','48%');
INSERT INTO tag VALUES (65,'series','49%');
INSERT INTO tag VALUES (66,'50x','50%');
INSERT INTO tag VALUES (67,'51x','51%');
INSERT INTO tag VALUES (68,'52x','52%');
INSERT INTO tag VALUES (69,'53x','53%');
INSERT INTO tag VALUES (70,'54x','54%');
INSERT INTO tag VALUES (71,'55x','55%');
INSERT INTO tag VALUES (72,'56x','56%');
INSERT INTO tag VALUES (73,'57x','57%');
INSERT INTO tag VALUES (74,'58x','58%');
INSERT INTO tag VALUES (75,'summary','59%');
INSERT INTO tag VALUES (76,'60x','60%');
INSERT INTO tag VALUES (77,'61x','61%');
INSERT INTO tag VALUES (78,'62x','62%');
INSERT INTO tag VALUES (79,'63x','63%');
INSERT INTO tag VALUES (80,'64x','64%');
INSERT INTO tag VALUES (81,'65x','65%');
INSERT INTO tag VALUES (82,'66x','66%');
INSERT INTO tag VALUES (83,'67x','67%');
INSERT INTO tag VALUES (84,'68x','68%');
INSERT INTO tag VALUES (85,'subject','69%');
INSERT INTO tag VALUES (86,'70x','70%');
INSERT INTO tag VALUES (87,'71x','71%');
INSERT INTO tag VALUES (88,'author-ad','72%');
INSERT INTO tag VALUES (89,'73x','73%');
INSERT INTO tag VALUES (90,'74x','74%');
INSERT INTO tag VALUES (91,'75x','75%');
INSERT INTO tag VALUES (92,'76x','76%');
INSERT INTO tag VALUES (93,'77x','77%');
INSERT INTO tag VALUES (94,'78x','78%');
INSERT INTO tag VALUES (95,'79x','79%');
INSERT INTO tag VALUES (96,'80x','80%');
INSERT INTO tag VALUES (97,'81x','81%');
INSERT INTO tag VALUES (98,'82x','82%');
INSERT INTO tag VALUES (99,'83x','83%');
INSERT INTO tag VALUES (100,'84x','84%');
INSERT INTO tag VALUES (101,'electr','85%');
INSERT INTO tag VALUES (102,'86x','86%');
INSERT INTO tag VALUES (103,'87x','87%');
INSERT INTO tag VALUES (104,'88x','88%');
INSERT INTO tag VALUES (105,'89x','89%');
INSERT INTO tag VALUES (106,'publication','90%');
INSERT INTO tag VALUES (107,'pub-conf-cit','91%');
INSERT INTO tag VALUES (108,'92x','92%');
INSERT INTO tag VALUES (109,'93x','93%');
INSERT INTO tag VALUES (110,'94x','94%');
INSERT INTO tag VALUES (111,'95x','95%');
INSERT INTO tag VALUES (112,'catinfo','96%');
INSERT INTO tag VALUES (113,'97x','97%');
INSERT INTO tag VALUES (114,'98x','98%');
INSERT INTO tag VALUES (115,'url','8564_u');
INSERT INTO tag VALUES (116,'experiment','909C0e');
INSERT INTO tag VALUES (117,'record ID','001');

INSERT INTO idxINDEX VALUES (1,'global','This index contains words/phrases from global fields.','0000-00-00 00:00:00', '');
INSERT INTO idxINDEX VALUES (2,'collection','This index contains words/phrases from collection identifiers fields.','0000-00-00 00:00:00', '');
INSERT INTO idxINDEX VALUES (3,'abstract','This index contains words/phrases from abstract fields.','0000-00-00 00:00:00', '');
INSERT INTO idxINDEX VALUES (4,'author','This index contains words/phrases from author fields.','0000-00-00 00:00:00', '');
INSERT INTO idxINDEX VALUES (5,'keyword','This index contains words/phrases from keyword fields.','0000-00-00 00:00:00', '');
INSERT INTO idxINDEX VALUES (6,'reference','This index contains words/phrases from references fields.','0000-00-00 00:00:00', '');
INSERT INTO idxINDEX VALUES (7,'reportnumber','This index contains words/phrases from report numbers fields.','0000-00-00 00:00:00', '');
INSERT INTO idxINDEX VALUES (8,'title','This index contains words/phrases from title fields.','0000-00-00 00:00:00', '');
INSERT INTO idxINDEX VALUES (9,'fulltext','This index contains words/phrases from fulltext fields.','0000-00-00 00:00:00', '');
INSERT INTO idxINDEX VALUES (10,'year','This index contains words/phrases from year fields.','0000-00-00 00:00:00', '');

INSERT INTO idxINDEX_field (id_idxINDEX, id_field) VALUES (1,1);
INSERT INTO idxINDEX_field (id_idxINDEX, id_field) VALUES (2,10);
INSERT INTO idxINDEX_field (id_idxINDEX, id_field) VALUES (3,4);
INSERT INTO idxINDEX_field (id_idxINDEX, id_field) VALUES (4,3);
INSERT INTO idxINDEX_field (id_idxINDEX, id_field) VALUES (5,5);
INSERT INTO idxINDEX_field (id_idxINDEX, id_field) VALUES (6,8);
INSERT INTO idxINDEX_field (id_idxINDEX, id_field) VALUES (7,6);
INSERT INTO idxINDEX_field (id_idxINDEX, id_field) VALUES (8,2);
INSERT INTO idxINDEX_field (id_idxINDEX, id_field) VALUES (9,9);
INSERT INTO idxINDEX_field (id_idxINDEX, id_field) VALUES (10,12);



INSERT INTO oaiARCHIVE VALUES (1,'','global','','','',NULL,'','','','','','','','','');

INSERT INTO sbmACTION VALUES ('Submit New Record','SBI','running','1998-08-17','2001-08-08','','Submit New Record');
INSERT INTO sbmACTION VALUES ('Modify Record','MBI','modify','1998-08-17','2001-11-07','','Modify Record');
INSERT INTO sbmACTION VALUES ('Submit New File','SRV','revise','0000-00-00','2001-11-07','','Submit New File');
INSERT INTO sbmACTION VALUES ('Approve Record','APP','approve','2001-11-08','2002-06-11','','Approve Record');

INSERT INTO sbmALLFUNCDESCR VALUES ('CaseEDS','');
INSERT INTO sbmALLFUNCDESCR VALUES ('Create_Modify_Interface',NULL);
INSERT INTO sbmALLFUNCDESCR VALUES ('Create_Recid',NULL);
INSERT INTO sbmALLFUNCDESCR VALUES ('Finish_Submission','');
INSERT INTO sbmALLFUNCDESCR VALUES ('Get_Info','');
INSERT INTO sbmALLFUNCDESCR VALUES ('Get_Recid', 'This function gets the recid for a document with a given report-number (as stored in the global variable rn).');
INSERT INTO sbmALLFUNCDESCR VALUES ('Get_Report_Number',NULL);
INSERT INTO sbmALLFUNCDESCR VALUES ('Get_Sysno',NULL);
INSERT INTO sbmALLFUNCDESCR VALUES ('Insert_Modify_Record','');
INSERT INTO sbmALLFUNCDESCR VALUES ('Insert_Record',NULL);
INSERT INTO sbmALLFUNCDESCR VALUES ('Is_Original_Submitter','');
INSERT INTO sbmALLFUNCDESCR VALUES ('Is_Referee','This function checks whether the logged user is a referee for the current document');
INSERT INTO sbmALLFUNCDESCR VALUES ('Mail_Submitter',NULL);
INSERT INTO sbmALLFUNCDESCR VALUES ('Make_Modify_Record',NULL);
INSERT INTO sbmALLFUNCDESCR VALUES ('Make_Record','');
INSERT INTO sbmALLFUNCDESCR VALUES ('Move_From_Pending','');
INSERT INTO sbmALLFUNCDESCR VALUES ('Move_to_Done',NULL);
INSERT INTO sbmALLFUNCDESCR VALUES ('Move_to_Pending',NULL);
INSERT INTO sbmALLFUNCDESCR VALUES ('Print_Success','');
INSERT INTO sbmALLFUNCDESCR VALUES ('Print_Success_APP','');
INSERT INTO sbmALLFUNCDESCR VALUES ('Print_Success_MBI',NULL);
INSERT INTO sbmALLFUNCDESCR VALUES ('Print_Success_SRV',NULL);
INSERT INTO sbmALLFUNCDESCR VALUES ('Report_Number_Generation',NULL);
INSERT INTO sbmALLFUNCDESCR VALUES ('Send_Approval_Request',NULL);
INSERT INTO sbmALLFUNCDESCR VALUES ('Send_APP_Mail','');
INSERT INTO sbmALLFUNCDESCR VALUES ('Send_Modify_Mail',NULL);
INSERT INTO sbmALLFUNCDESCR VALUES ('Send_SRV_Mail',NULL);
INSERT INTO sbmALLFUNCDESCR VALUES ('Test_Status','');
INSERT INTO sbmALLFUNCDESCR VALUES ('Update_Approval_DB',NULL);
INSERT INTO sbmALLFUNCDESCR VALUES ('Upload_Files','');
INSERT INTO sbmALLFUNCDESCR VALUES ('Move_Files_to_Storage','');

INSERT INTO sbmCHECKS VALUES ('AUCheck','function AUCheck(txt) {\r\n	var res=1;\r\n	tmp=txt.indexOf(\"\\015\");\r\n	while (tmp != -1) {\r\n		left=txt.substring(0,tmp);\r\n		right=txt.substring(tmp+2,txt.length);\r\n		txt=left + \"\\012\" + right;\r\n		tmp=txt.indexOf(\"\\015\");\r\n	}\r\n	tmp=txt.indexOf(\"\\012\");\r\n	if (tmp==-1){\r\n		line=txt;\r\n		txt=\'\';}\r\n	else{\r\n		line=txt.substring(0,tmp);\r\n		txt=txt.substring(tmp+1,txt.length);}\r\n	while (line != \"\"){\r\n		coma=line.indexOf(\",\");\r\n		left=line.substring(0,coma);\r\n		right=line.substring(coma+1,line.length);\r\n		coma2=right.indexOf(\",\");\r\n		space=right.indexOf(\" \");\r\n		if ((coma==-1)||(left==\"\")||(right==\"\")||(space!=0)||(coma2!=-1)){\r\n			res=0;\r\n			error_log=line;\r\n		}\r\n		tmp=txt.indexOf(\"\\012\");\r\n		if (tmp==-1){\r\n			line=txt;\r\n			txt=\'\';}\r\n		else{\r\n			line=txt.substring(0,tmp-1);\r\n			txt=txt.substring(tmp+1,txt.length);}\r\n	}\r\n	if (res == 0){\r\n		alert(\"This author name cannot be managed \\: \\012\\012\" + error_log + \" \\012\\012It is not in the required format!\\012Put one author per line and a comma (,) between the name and the firstname initial letters. \\012The name is going first, followed by the firstname initial letters.\\012Do not forget the whitespace after the comma!!!\\012\\012Example \\: Put\\012\\012Le Meur, J Y \\012Baron, T \\012\\012for\\012\\012Le Meur Jean-Yves & Baron Thomas.\");\r\n		return 0;\r\n	}	\r\n	return 1;	\r\n}','1998-08-18','0000-00-00','','');
INSERT INTO sbmCHECKS VALUES ('DatCheckNew','function DatCheckNew(txt) {\r\n	var res=1;\r\n	if (txt.length != 10){res=0;}\r\n	if (txt.indexOf(\"/\") != 2){res=0;}\r\n	if (txt.lastIndexOf(\"/\") != 5){res=0;}\r\n	tmp=parseInt(txt.substring(0,2),10);\r\n	if ((tmp > 31)||(tmp < 1)||(isNaN(tmp))){res=0;}\r\n	tmp=parseInt(txt.substring(3,5),10);\r\n	if ((tmp > 12)||(tmp < 1)||(isNaN(tmp))){res=0;}\r\n	tmp=parseInt(txt.substring(6,10),10);\r\n	if ((tmp < 1)||(isNaN(tmp))){res=0;}\r\n	if (txt.length  == 0){res=1;}\r\n	if (res == 0){\r\n		alert(\"Please enter a correct Date \\012Format: dd/mm/yyyy\");\r\n		return 0;\r\n	}\r\n	return 1;	\r\n}','0000-00-00','0000-00-00','','');

INSERT INTO sbmFORMATEXTENSION VALUES ('WORD','.doc');
INSERT INTO sbmFORMATEXTENSION VALUES ('PostScript','.ps');
INSERT INTO sbmFORMATEXTENSION VALUES ('PDF','.pdf');
INSERT INTO sbmFORMATEXTENSION VALUES ('JPEG','.jpg');
INSERT INTO sbmFORMATEXTENSION VALUES ('JPEG','.jpeg');
INSERT INTO sbmFORMATEXTENSION VALUES ('GIF','.gif');
INSERT INTO sbmFORMATEXTENSION VALUES ('PPT','.ppt');
INSERT INTO sbmFORMATEXTENSION VALUES ('HTML','.htm');
INSERT INTO sbmFORMATEXTENSION VALUES ('HTML','.html');
INSERT INTO sbmFORMATEXTENSION VALUES ('Latex','.tex');
INSERT INTO sbmFORMATEXTENSION VALUES ('Compressed PostScript','.ps.gz');
INSERT INTO sbmFORMATEXTENSION VALUES ('Tarred Tex (.tar)','.tar');
INSERT INTO sbmFORMATEXTENSION VALUES ('Text','.txt');

INSERT INTO sbmFUNDESC VALUES ('Get_Report_Number','edsrn');
INSERT INTO sbmFUNDESC VALUES ('Send_Modify_Mail','addressesMBI');
INSERT INTO sbmFUNDESC VALUES ('Send_Modify_Mail','sourceDoc');
INSERT INTO sbmFUNDESC VALUES ('Report_Number_Generation','edsrn');
INSERT INTO sbmFUNDESC VALUES ('Report_Number_Generation','autorngen');
INSERT INTO sbmFUNDESC VALUES ('Report_Number_Generation','rnin');
INSERT INTO sbmFUNDESC VALUES ('Report_Number_Generation','counterpath');
INSERT INTO sbmFUNDESC VALUES ('Report_Number_Generation','rnformat');
INSERT INTO sbmFUNDESC VALUES ('Report_Number_Generation','yeargen');
INSERT INTO sbmFUNDESC VALUES ('Mail_Submitter','authorfile');
INSERT INTO sbmFUNDESC VALUES ('Mail_Submitter','status');
INSERT INTO sbmFUNDESC VALUES ('Send_Approval_Request','authorfile');
INSERT INTO sbmFUNDESC VALUES ('Create_Modify_Interface','fieldnameMBI');
INSERT INTO sbmFUNDESC VALUES ('Send_Modify_Mail','fieldnameMBI');
INSERT INTO sbmFUNDESC VALUES ('Update_Approval_DB','categformatDAM');
INSERT INTO sbmFUNDESC VALUES ('Send_SRV_Mail','categformatDAM');
INSERT INTO sbmFUNDESC VALUES ('Send_SRV_Mail','addressesSRV');
INSERT INTO sbmFUNDESC VALUES ('Send_Approval_Request','directory');
INSERT INTO sbmFUNDESC VALUES ('Send_Approval_Request','categformatDAM');
INSERT INTO sbmFUNDESC VALUES ('Send_Approval_Request','addressesDAM');
INSERT INTO sbmFUNDESC VALUES ('Send_Approval_Request','titleFile');
INSERT INTO sbmFUNDESC VALUES ('Send_APP_Mail','edsrn');
INSERT INTO sbmFUNDESC VALUES ('Mail_Submitter','titleFile');
INSERT INTO sbmFUNDESC VALUES ('Send_Modify_Mail','emailFile');
INSERT INTO sbmFUNDESC VALUES ('Get_Info','authorFile');
INSERT INTO sbmFUNDESC VALUES ('Get_Info','emailFile');
INSERT INTO sbmFUNDESC VALUES ('Get_Info','titleFile');
INSERT INTO sbmFUNDESC VALUES ('Make_Modify_Record','modifyTemplate');
INSERT INTO sbmFUNDESC VALUES ('Send_APP_Mail','addressesAPP');
INSERT INTO sbmFUNDESC VALUES ('Send_APP_Mail','categformatAPP');
INSERT INTO sbmFUNDESC VALUES ('Send_APP_Mail','newrnin');
INSERT INTO sbmFUNDESC VALUES ('CaseEDS','casevariable');
INSERT INTO sbmFUNDESC VALUES ('CaseEDS','casevalues');
INSERT INTO sbmFUNDESC VALUES ('CaseEDS','casesteps');
INSERT INTO sbmFUNDESC VALUES ('CaseEDS','casedefault');
INSERT INTO sbmFUNDESC VALUES ('Send_SRV_Mail','noteFile');
INSERT INTO sbmFUNDESC VALUES ('Send_SRV_Mail','emailFile');
INSERT INTO sbmFUNDESC VALUES ('Mail_Submitter','emailFile');
INSERT INTO sbmFUNDESC VALUES ('Mail_Submitter','edsrn');
INSERT INTO sbmFUNDESC VALUES ('Mail_Submitter','newrnin');
INSERT INTO sbmFUNDESC VALUES ('Upload_Files','maxsize');
INSERT INTO sbmFUNDESC VALUES ('Upload_Files','minsize');
INSERT INTO sbmFUNDESC VALUES ('Upload_Files','iconsize');
INSERT INTO sbmFUNDESC VALUES ('Upload_Files','type');
INSERT INTO sbmFUNDESC VALUES ('Make_Record','sourceTemplate');
INSERT INTO sbmFUNDESC VALUES ('Make_Record','createTemplate');
INSERT INTO sbmFUNDESC VALUES ('Print_Success','edsrn');
INSERT INTO sbmFUNDESC VALUES ('Print_Success','newrnin');
INSERT INTO sbmFUNDESC VALUES ('Print_Success','status');
INSERT INTO sbmFUNDESC VALUES ('Make_Modify_Record','sourceTemplate');
INSERT INTO sbmFUNDESC VALUES ('Move_Files_to_Storage','documenttype');
INSERT INTO sbmFUNDESC VALUES ('Move_Files_to_Storage','iconsize');
INSERT INTO sbmFUNDESC VALUES ('Move_Files_to_Storage','paths_and_suffixes');
INSERT INTO sbmFUNDESC VALUES ('Move_Files_to_Storage','rename');

INSERT INTO sbmGFILERESULT VALUES ('HTML','HTML document');
INSERT INTO sbmGFILERESULT VALUES ('WORD','data');
INSERT INTO sbmGFILERESULT VALUES ('PDF','PDF document');
INSERT INTO sbmGFILERESULT VALUES ('PostScript','PostScript document');
INSERT INTO sbmGFILERESULT VALUES ('PostScript','data ');
INSERT INTO sbmGFILERESULT VALUES ('PostScript','HP Printer Job Language data');
INSERT INTO sbmGFILERESULT VALUES ('jpg','JPEG image');
INSERT INTO sbmGFILERESULT VALUES ('Compressed PostScript','gzip compressed data');
INSERT INTO sbmGFILERESULT VALUES ('Tarred Tex (.tar)','tar archive');
INSERT INTO sbmGFILERESULT VALUES ('JPEG','JPEG image');
INSERT INTO sbmGFILERESULT VALUES ('GIF','GIF');

INSERT INTO collectiondetailedrecordpagetabs VALUES (8, 'usage;comments;metadata');
INSERT INTO collectiondetailedrecordpagetabs VALUES (19, 'usage;comments;metadata');
INSERT INTO collectiondetailedrecordpagetabs VALUES (18, 'usage;comments;metadata');
INSERT INTO collectiondetailedrecordpagetabs VALUES (17, 'usage;comments;metadata');

-- end of file
